,Mg,Al,Si,P,S,Cl,K,Ca,Sc,Ti,V,Cr,Mn,Fe,Co,Ni,Cu,Zn,Ga,Ge,As,Se,Br,Rb,Sr,Y,Zr,Nb,Mo,Ru,Pd,Ag,Cd,In,Sn,Sb,Te,Ba,Ta,W,Au,Hg,Tl,Pb,Th,prediction_label,prediction_score,target
0,0.60236967,3.6675298,1.0803404,3.8893237,0.69199234,1.8896905,0.0060236966,87.42987,0.0060236966,0.0060236966,0.0060236966,0.0060236966,0.0060236966,0.5970304,0.0060236966,0.018678766,0.00060236966,0.00060236966,0.00060236966,0.00060236966,0.00060236966,0.00060236966,0.00060236966,0.00060236966,0.03547395,0.00060236966,0.00060236966,0.00060236966,0.00060236966,0.00060236966,0.00060236966,0.00060236966,0.00060236966,0.00060236966,0.00060236966,0.00060236966,0.00060236966,0.00060236966,0.00060236966,0.00060236966,0.03926703,0.00060236966,0.00060236966,1e-05,0.00060236966,Carbonates(Nitrates),0.9622,Carbonates(Nitrates)
1,7.0401382,5.657247,2.5476074,0.4914209,0.4475058,3.2400596,0.0059879115,80.144905,0.0059879115,0.0059879115,0.0059879115,0.069442086,0.0059879115,0.28028294,0.0059879115,0.0059879115,0.0005987912,0.0056783496,0.0005987912,0.0005987912,0.0005987912,0.0005987912,0.0005987912,0.0005987912,0.017631603,0.0005987912,0.0005987912,0.0005987912,0.0005987912,0.0005987912,0.0005987912,0.0005987912,0.0005987912,0.0005987912,0.0005987912,0.0005987912,0.0005987912,0.0005987912,0.0005987912,0.0005987912,0.0005987912,0.0005987912,0.0005987912,1e-05,0.0005987912,Carbonates(Nitrates),0.9623,Carbonates(Nitrates)
2,0.5382443,46.550694,10.601219,27.369587,0.887952,1.2067605,0.69562346,1.7013023,0.0053824433,0.14775379,0.0053824433,0.04927385,0.0053824433,3.5445383,0.0053824433,0.0053824433,3.6774862,2.7438276,0.0005382443,0.0005382443,0.07227167,0.0044302186,0.0005382443,0.003022854,0.04146484,0.0005382443,0.0005382443,0.0005382443,0.0103778215,0.0005382443,0.108272314,0.0005382443,0.0005382443,0.0005382443,0.0005382443,0.008222194,0.0005382443,0.0005382443,0.0005382443,0.0005382443,0.0005382443,0.0005382443,0.0005382443,0.002011583,0.0005382443,Carbonates(Nitrates),0.7201,Carbonates(Nitrates)
3,0.61167556,3.6087995,2.5830414,0.687429,0.7648806,1.7635926,0.0061167553,89.34816,0.0061167553,0.051753525,0.0061167553,0.0061167553,0.0061167553,0.2513735,0.0061167553,0.0061167553,0.00061167555,0.005519862,0.00061167555,0.00061167555,0.00061167555,0.00061167555,0.00061167555,0.00061167555,0.26136878,0.00061167555,0.0036878623,0.00061167555,0.00061167555,0.00061167555,0.00061167555,0.00061167555,0.00061167555,0.00061167555,0.00061167555,0.00061167555,0.00061167555,0.00061167555,0.00061167555,0.00061167555,0.00061167555,0.00061167555,0.00061167555,1e-05,0.00061167555,Carbonates(Nitrates),0.9624,Carbonates(Nitrates)
4,6.1369433,2.9262025,1.9449419,0.86404735,1.0419127,1.1961513,0.26058874,84.91157,0.0060645826,0.022171892,0.0060645826,0.0060645826,0.0060645826,0.08492262,0.0060645826,0.0041330876,0.0006064582,0.0025972517,0.0006064582,0.0006064582,0.0006064582,0.0006064582,0.0006064582,0.0024835072,0.5301838,0.0006064582,0.010370899,0.0006064582,0.0006064582,0.0006064582,0.0006064582,0.00601567,0.0006064582,0.0006064582,0.0006064582,0.0006064582,0.0006064582,0.0006064582,0.0006064582,0.0006064582,0.0099757565,0.0006064582,0.0006064582,1e-05,0.0011238452,Carbonates(Nitrates),0.9624,Carbonates(Nitrates)
5,0.6119942,1.0603635,0.8073486,0.9657867,0.34646583,1.3771164,0.006119942,94.58852,0.006119942,0.006119942,0.006119942,0.006119942,0.006119942,0.12591662,0.006119942,0.006119942,0.009823342,0.0041186516,0.0006119942,0.0006119942,0.0006119942,0.0006119942,0.0006119942,0.0006119942,0.028497333,0.0006119942,0.0006119942,0.0006119942,0.0006119942,0.0006119942,0.0006119942,0.0006119942,0.0006119942,0.0006119942,0.009795207,0.0006119942,0.0006119942,0.0006119942,0.0006119942,0.0006119942,0.0006119942,0.0006119942,0.0006119942,1e-05,0.0006119942,Carbonates(Nitrates),0.9624,Carbonates(Nitrates)
6,0.6134524,1.5669385,0.5720604,0.16715755,0.5506912,1.2559767,0.0061345235,95.09032,0.0061345235,0.0061345235,0.0061345235,0.0061345235,0.0061345235,0.115121864,0.0061345235,0.0061345235,0.00061345234,0.00061345234,0.00061345234,0.00061345234,0.00061345234,0.00061345234,0.00061345234,0.00061345234,0.002030372,0.00061345234,0.00061345234,0.00061345234,0.00061345234,0.00061345234,0.00061345234,0.00061345234,0.00061345234,0.00061345234,0.00061345234,0.00061345234,0.00061345234,0.00061345234,0.00061345234,0.00061345234,0.00061345234,0.00061345234,0.00061345234,1e-05,0.00061345234,Halides,0.9606,Halides
7,3.9912522,1.2928599,0.2717537,0.1789712,0.15437597,0.7578518,0.0061253635,93.194695,0.0061253635,0.0061253635,0.0061253635,0.0061253635,0.0061253635,0.08325098,0.0061253635,0.003965785,0.0006125364,0.0006125364,0.0006125364,0.0006125364,0.0006125364,0.0006125364,0.0006125364,0.0006125364,0.004963488,0.0006125364,0.0006125364,0.0006125364,0.0006125364,0.0006125364,0.0006125364,0.0006125364,0.0066479347,0.0006125364,0.0006125364,0.0006125364,0.0006125364,0.0006125364,0.0006125364,0.0006125364,0.0006125364,0.0006125364,0.0006125364,1e-05,0.0006125364,Halides,0.9606,Halides
8,0.64421505,6.2394457,72.283066,3.2088041,0.6054335,2.291552,1.85349,7.288127,0.0064421506,0.69499373,0.0064421506,0.022920953,0.16451886,4.609809,0.0064421506,0.0071344078,0.033150524,0.002758951,0.00064421503,0.00064421503,0.00064421503,0.00064421503,0.00064421503,0.00286425,0.005220186,0.00064421503,0.004448999,0.00064421503,0.00064421503,0.00064421503,0.00064421503,0.00064421503,0.00064421503,0.00064421503,0.0039072935,0.00064421503,0.00064421503,0.00064421503,0.00064421503,0.00064421503,0.00064421503,0.00064421503,0.00064421503,1e-05,0.00064421503,Oxides,0.9616,Oxides
9,0.47763517,41.914246,5.0814533,45.05768,0.59250003,2.1220744,0.0047763516,0.2403788,0.0047763516,0.4420423,0.05785028,0.43826398,0.0047763516,3.5099277,0.0047763516,0.0047763516,0.00047763516,0.00047763516,0.00047763516,0.00047763516,0.012431443,0.00047763516,0.00047763516,0.00047763516,0.00047763516,0.00047763516,0.008220284,0.00047763516,0.00047763516,0.00047763516,0.00047763516,0.00047763516,0.00047763516,0.00047763516,0.003983311,0.00047763516,0.00047763516,0.00047763516,0.0054903626,0.00047763516,0.00047763516,0.00047763516,0.00047763516,1e-05,0.00047763516,"Phosphates,Arsenates,Vanadates",0.965,"Phosphates,Arsenates,Vanadates"
10,0.46930197,46.058628,3.8053815,43.375813,0.6879973,3.4905741,0.0046930197,0.14929888,0.0046930197,0.21118443,0.0046930197,0.3457758,0.0046930197,1.3072722,0.0046930197,0.0046930197,0.00046930197,0.00046930197,0.00046930197,0.00046930197,0.041278932,0.00046930197,0.00046930197,0.00046930197,0.00046930197,0.00046930197,0.00046930197,0.00046930197,0.0037661544,0.00046930197,0.00046930197,0.00046930197,0.00046930197,0.00046930197,0.008262498,0.00046930197,0.00046930197,0.00046930197,0.005576122,0.00046930197,0.00046930197,0.00046930197,0.00046930197,1e-05,0.00046930197,"Phosphates,Arsenates,Vanadates",0.965,"Phosphates,Arsenates,Vanadates"
11,0.45951727,43.5196,3.2837856,49.352783,0.26516125,1.2687602,0.0045951726,0.15008436,0.0045951726,0.07094308,0.16579497,1.0160532,0.0045951726,0.38936982,0.00358675,0.0045951726,0.00045951726,0.00045951726,0.00045951726,0.00045951726,0.0042932928,0.00045951726,0.00045951726,0.00045951726,0.0077093174,0.00045951726,0.0036771859,0.00045951726,0.0044538933,0.00045951726,0.00045951726,0.00045951726,0.00045951726,0.00045951726,0.0029806106,0.00045951726,0.00045951726,0.00045951726,0.0022601292,0.00045951726,0.00045951726,0.00045951726,0.0006969877,1e-05,0.00045951726,"Phosphates,Arsenates,Vanadates",0.965,"Phosphates,Arsenates,Vanadates"
12,0.46728635,44.626698,3.1466334,45.437088,0.6630336,2.845372,0.0046728635,0.24018411,0.0046728635,0.18967919,0.15071091,0.68525624,0.0046728635,1.4582982,0.0046728635,0.0046728635,0.00046728636,0.00046728636,0.00046728636,0.00046728636,0.036486283,0.00046728636,0.00046728636,0.00046728636,0.0030931989,0.00046728636,0.0020489623,0.00046728636,0.003993484,0.00046728636,0.00046728636,0.00046728636,0.00046728636,0.00046728636,0.00046728636,0.00046728636,0.00046728636,0.00046728636,0.008496116,0.00046728636,0.00046728636,0.00046728636,0.0015318615,1e-05,0.00046728636,"Phosphates,Arsenates,Vanadates",0.965,"Phosphates,Arsenates,Vanadates"
13,0.502073,36.627213,15.563994,38.60924,0.4236143,2.1261268,1.0247436,0.96736556,0.0050207297,0.20379965,0.0050207297,0.26853314,0.0050207297,3.5763204,0.0050207297,0.0050207297,0.0024492906,0.000502073,0.000502073,0.000502073,0.03544975,0.000502073,0.000502073,0.000502073,0.0038964807,0.000502073,0.0019263083,0.000502073,0.000502073,0.000502073,0.000502073,0.000502073,0.000502073,0.000502073,0.0045677605,0.000502073,0.000502073,0.016488379,0.006048738,0.000502073,0.000502073,0.000502073,0.000502073,1e-05,0.000502073,"Phosphates,Arsenates,Vanadates",0.965,"Phosphates,Arsenates,Vanadates"
14,0.59672064,15.485279,43.09838,12.739314,1.7877424,6.5583725,1.2870595,9.778339,0.005967207,0.38096774,0.005967207,0.005967207,0.005967207,7.92828,0.005967207,0.005967207,0.010423314,0.0072102984,0.00059672067,0.00059672067,0.105769336,0.00059672067,0.00059672067,0.00059672067,0.028262848,0.00059672067,0.019820042,0.00059672067,0.02755052,0.00059672067,0.00059672067,0.017314691,0.00059672067,0.00059672067,0.00059672067,0.00059672067,0.00059672067,0.07082609,0.00059672067,0.00059672067,0.024629837,0.00059672067,0.00059672067,1e-05,0.00059672067,"Phosphates,Arsenates,Vanadates",0.6273,"Phosphates,Arsenates,Vanadates"
15,0.5124879,38.47173,17.643927,35.902115,0.3125121,1.3446121,0.962373,0.41085473,0.005124879,0.19967617,0.28872842,0.21792267,0.005124879,3.410162,0.005124879,0.005124879,0.0005124879,0.0005124879,0.0005124879,0.0005124879,0.26177773,0.007138528,0.0005124879,0.0005124879,0.0005124879,0.0005124879,0.007359457,0.0005124879,0.0076379124,0.0005124879,0.0005124879,0.0005124879,0.0005124879,0.0005124879,0.0058713127,0.0005124879,0.0005124879,0.0005124879,0.0005124879,0.0005124879,0.0005124879,0.0005124879,0.00082748313,1e-05,0.0005124879,"Phosphates,Arsenates,Vanadates",0.965,"Phosphates,Arsenates,Vanadates"
16,0.5809086,27.104546,42.07073,18.80029,0.5327109,1.2742299,0.005809086,4.0913486,0.005809086,1.0338564,0.29500422,0.19070908,0.005809086,3.4651673,0.005809086,0.005809086,0.030167095,0.0064861313,0.00058090856,0.00058090856,0.06365633,0.004413584,0.00058090856,0.0014273272,0.18179083,0.00058090856,0.06361568,0.00058090856,0.011442597,0.00058090856,0.00058090856,0.00058090856,0.00058090856,0.00058090856,0.0076338756,0.00058090856,0.00058090856,0.14978498,0.00058090856,0.00058090856,0.00058090856,0.00058090856,0.00058090856,1e-05,0.00058090856,"Phosphates,Arsenates,Vanadates",0.965,"Phosphates,Arsenates,Vanadates"
17,0.4619938,41.835766,3.3204007,48.832123,0.3648685,2.3510208,0.0046199383,0.13694511,0.0046199383,0.38307256,0.13476558,0.54279566,0.0046199383,1.5433712,0.0046199383,0.0046199383,0.00046199383,0.00046199383,0.00046199383,0.00046199383,0.038724557,0.00046199383,0.00046199383,0.00046199383,0.00046199383,0.00046199383,0.0011648095,0.00046199383,0.0042852997,0.00046199383,0.00046199383,0.00046199383,0.0040688007,0.00046199383,0.00046199383,0.00046199383,0.00046199383,0.00046199383,0.009395619,0.00046199383,0.00046199383,0.00046199383,0.0015145115,1e-05,0.00046199383,"Phosphates,Arsenates,Vanadates",0.965,"Phosphates,Arsenates,Vanadates"
18,0.46238333,43.98485,1.1898323,49.362637,0.25383487,1.3996714,0.004623833,0.1092562,0.004623833,0.16460216,0.10665078,0.2546861,0.004623833,2.611023,0.004623833,0.004623833,0.011642169,0.00046238332,0.00046238332,0.00046238332,0.037522897,0.00046238332,0.00046238332,0.00046238332,0.00046238332,0.00046238332,0.002585016,0.00046238332,0.0026022615,0.00046238332,0.00046238332,0.00046238332,0.00046238332,0.00046238332,0.003934017,0.00046238332,0.00046238332,0.00046238332,0.00799812,0.00046238332,0.00046238332,0.00046238332,0.0009954431,1e-05,0.00046238332,"Phosphates,Arsenates,Vanadates",0.965,"Phosphates,Arsenates,Vanadates"
19,0.5108821,32.357944,27.535606,37.446762,0.11473334,0.57328314,0.0051088207,0.0051088207,0.0051088207,0.13725412,0.068195164,0.24308066,0.0051088207,0.881339,0.0051088207,0.0051088207,0.045905903,0.00051088206,0.00051088206,0.00051088206,0.0036821803,0.00051088206,0.00051088206,0.00051088206,0.010436874,0.00051088206,0.0039202124,0.00051088206,0.00051088206,0.00051088206,0.00051088206,0.00051088206,0.00051088206,0.00051088206,0.0035289638,0.0047412673,0.00051088206,0.012127543,0.005194932,0.00051088206,0.00051088206,0.00051088206,0.00051088206,1e-05,0.00051088206,"Phosphates,Arsenates,Vanadates",0.965,"Phosphates,Arsenates,Vanadates"
20,0.5566196,30.605206,24.215578,24.765024,2.075257,2.2467332,0.0055661956,6.798792,0.0055661956,0.45083547,0.33872262,0.20050551,0.0055661956,7.171517,0.0055661956,0.0055661956,0.038716182,0.021113744,0.0005566196,0.0005566196,0.079790905,0.0052158195,0.0005566196,0.0005566196,0.2994006,0.0005566196,0.0067728637,0.0005566196,0.010848136,0.0005566196,0.0005566196,0.013364649,0.0005566196,0.0005566196,0.0096591385,0.0005566196,0.0005566196,0.0519209,0.0005566196,0.0005566196,0.0005566196,0.0005566196,0.0005566196,1e-05,0.0005566196,"Phosphates,Arsenates,Vanadates",0.965,"Phosphates,Arsenates,Vanadates"
21,0.5515801,35.04972,28.68511,25.022331,0.9717168,1.131945,2.2227979,0.2148352,0.005515801,0.43741992,0.26051226,0.2121625,0.20501775,4.962097,0.005515801,0.007800103,0.0045136064,0.00055158004,0.00055158004,0.00055158004,0.00055158004,0.0011873803,0.00055158004,0.0034204314,0.0019514931,0.00055158004,0.009916155,0.00055158004,0.00055158004,0.00055158004,0.017809222,0.00055158004,0.00055158004,0.00055158004,0.00055158004,0.00055158004,0.00055158004,0.00055158004,0.0029872807,0.00055158004,0.00055158004,0.00055158004,0.00055158004,0.00032287644,0.00055158004,"Phosphates,Arsenates,Vanadates",0.9649,"Phosphates,Arsenates,Vanadates"
22,0.59208566,31.374922,42.293907,16.293728,1.1139927,4.071612,0.7627846,1.7255253,0.0059208563,0.15721495,0.082056545,0.6068206,0.0059208563,0.8613311,0.0059208563,0.0059208563,0.00059208565,0.00059208565,0.00059208565,0.00059208565,0.00059208565,0.00059208565,0.00059208565,0.00059208565,0.018312624,0.00059208565,0.006036127,0.00059208565,0.00059208565,0.00059208565,0.00059208565,0.00059208565,0.00059208565,0.00059208565,0.00059208565,0.00059208565,0.00059208565,0.00059208565,0.00059208565,0.00059208565,0.00059208565,0.00059208565,0.00059208565,1e-05,0.00059208565,Silicates,0.7998,"Phosphates,Arsenates,Vanadates"
23,0.56668043,25.616762,29.660683,24.91151,0.66407317,2.714791,1.4011203,4.442188,0.0056668045,0.57228017,0.17264499,0.15541318,0.0056668045,8.779818,0.0056668045,0.008110194,0.01293058,0.00056668045,0.00056668045,0.00056668045,0.09590652,0.00056668045,0.00056668045,0.00056668045,0.03582983,0.00056668045,0.005466531,0.00056668045,0.008681816,0.00056668045,0.00056668045,0.012082739,0.00056668045,0.00056668045,0.012316028,0.0133572025,0.00056668045,0.10901986,0.00056668045,0.00056668045,0.00056668045,0.00056668045,0.00056668045,1e-05,0.00056668045,"Phosphates,Arsenates,Vanadates",0.965,"Phosphates,Arsenates,Vanadates"
24,0.4985633,28.823431,1.7735965,49.64064,1.0024139,2.3523185,0.004985633,0.39857197,0.004985633,0.18581422,0.6853753,0.7356292,0.004985633,13.040852,0.004985633,0.004985633,0.06260874,0.0004985633,0.0004985633,0.0004985633,0.7118245,0.0004985633,0.0004985633,0.0004985633,0.0004985633,0.0004985633,0.015849266,0.0004985633,0.018861748,0.0004985633,0.0004985633,0.0004985633,0.0004985633,0.0004985633,0.01675737,0.0004985633,0.0004985633,0.0004985633,0.0004985633,0.0004985633,0.0004985633,0.0004985633,0.0004985633,1e-05,0.0004985633,"Phosphates,Arsenates,Vanadates",0.965,"Phosphates,Arsenates,Vanadates"
25,0.5069647,35.991634,13.896807,33.93933,0.9372363,3.1733556,2.0089016,6.56089,0.0050696465,0.12550466,0.18052568,0.34905252,0.0050696465,2.1660268,0.0050696465,0.0050696465,0.034863494,0.04598196,0.0005069647,0.0005069647,0.022194337,0.0005069647,0.0005069647,0.0023726525,0.002950833,0.0005069647,0.0005069647,0.0005069647,0.007238578,0.0005069647,0.016735706,0.0005069647,0.0005069647,0.0005069647,0.0005069647,0.0005069647,0.0005069647,0.0005069647,0.0005069647,0.0005069647,0.0005069647,0.0005069647,0.0005069647,0.00033011584,0.0005069647,"Phosphates,Arsenates,Vanadates",0.9648,"Phosphates,Arsenates,Vanadates"
26,0.46303886,40.98345,4.072797,47.88238,0.34460723,2.1747806,0.93927085,1.260365,0.0046303887,0.14964822,0.108438104,0.47990546,0.0046303887,1.0836992,0.0046303887,0.0046303887,0.00046303886,0.00046303886,0.00046303886,0.00046303886,0.01637774,0.00046303886,0.00046303886,0.00046303886,0.00046303886,0.00046303886,0.0029947485,0.00046303886,0.0033780846,0.00046303886,0.00046303886,0.00046303886,0.00046303886,0.00046303886,0.00046303886,0.00046303886,0.00046303886,0.00046303886,0.0041198814,0.00046303886,0.00046303886,0.00046303886,0.0011101334,1e-05,0.00046303886,"Phosphates,Arsenates,Vanadates",0.965,"Phosphates,Arsenates,Vanadates"
27,0.47690323,34.13759,2.6189349,49.87945,0.6638862,2.9367552,0.0047690324,0.62769216,0.0047690324,0.6911396,0.13452749,0.7345792,0.0047690324,6.8457327,0.0047690324,0.0047690324,0.014859604,0.00047690322,0.00047690322,0.00047690322,0.1197955,0.00047690322,0.00047690322,0.00047690322,0.00047690322,0.00047690322,0.024779897,0.00047690322,0.010785618,0.00047690322,0.00047690322,0.012069582,0.00047690322,0.00047690322,0.01076658,0.00047690322,0.00047690322,0.00047690322,0.021690598,0.00047690322,0.00047690322,0.00047690322,0.004200146,1e-05,0.00047690322,"Phosphates,Arsenates,Vanadates",0.965,"Phosphates,Arsenates,Vanadates"
28,0.45419428,42.04066,3.1559913,51.01144,0.16915408,1.7012106,0.004541943,0.07615614,0.004541943,0.16747507,0.004541943,0.25725096,0.004541943,0.90952724,0.004541943,0.004541943,0.0004541943,0.0004541943,0.0004541943,0.0004541943,0.004425427,0.0004541943,0.0004541943,0.0004541943,0.0004541943,0.0004541943,0.0070202355,0.0004541943,0.0004541943,0.0004541943,0.0004541943,0.0004541943,0.0004541943,0.0004541943,0.0043234737,0.0004541943,0.0004541943,0.0004541943,0.0025602551,0.0004541943,0.0004541943,0.0004541943,0.0004541943,1e-05,0.0004541943,"Phosphates,Arsenates,Vanadates",0.965,"Phosphates,Arsenates,Vanadates"
29,0.45624983,46.48821,1.2346443,46.752277,0.48328894,3.5933695,0.004562498,0.07661463,0.004562498,0.09998664,0.004562498,0.3627465,0.004562498,0.39877436,0.004562498,0.004562498,0.00045624984,0.00045624984,0.00045624984,0.00045624984,0.006150561,0.00045624984,0.00045624984,0.00045624984,0.00045624984,0.00045624984,0.0053015086,0.00045624984,0.00045624984,0.00045624984,0.00045624984,0.00045624984,0.00045624984,0.00045624984,0.00045624984,0.00045624984,0.00045624984,0.00045624984,0.0031517672,0.00045624984,0.00045624984,0.00045624984,0.00045624984,1e-05,0.00045624984,"Phosphates,Arsenates,Vanadates",0.965,"Phosphates,Arsenates,Vanadates"
30,0.5300532,46.71096,17.042667,26.519602,0.05300532,2.9125264,0.005300532,2.1753368,0.005300532,0.1511527,0.17033039,0.3988957,0.005300532,3.1576345,0.005300532,0.009934038,0.01918488,0.00053005316,0.00053005316,0.00053005316,0.08567502,0.0102022365,0.00053005316,0.00053005316,0.014881657,0.00053005316,0.00053005316,0.00053005316,0.0040327134,0.00053005316,0.00053005316,0.00053005316,0.00053005316,0.00053005316,0.00053005316,0.00053005316,0.00053005316,0.00053005316,0.00053005316,0.00053005316,0.00053005316,0.00053005316,0.00053005316,1e-05,0.00053005316,"Phosphates,Arsenates,Vanadates",0.965,"Phosphates,Arsenates,Vanadates"
31,0.53394115,24.999773,4.1182957,39.586872,1.6506209,4.5888815,0.7814239,3.9099019,0.0053394116,0.90018284,0.1819563,0.4603543,0.0053394116,17.513212,0.0053394116,0.0053394116,0.013948043,0.12674773,0.00053394114,0.00053394114,0.42039973,0.031169275,0.00053394114,0.00053394114,0.027422223,0.00053394114,0.019256625,0.00053394114,0.0058430247,0.00053394114,0.00053394114,0.023264332,0.00053394114,0.00053394114,0.00053394114,0.00053394114,0.00053394114,0.07449438,0.00053394114,0.00053394114,0.00053394114,0.00053394114,0.00053394114,1e-05,0.00053394114,"Phosphates,Arsenates,Vanadates",0.965,"Phosphates,Arsenates,Vanadates"
32,0.5936826,19.156836,5.4914317,27.783133,1.8180834,6.0542226,1.0287482,7.7504034,0.0059368256,2.7139704,0.0059368256,0.17229538,0.11973503,26.95911,0.0059368256,0.14221759,0.0005936826,0.023336865,0.0005936826,0.0005936826,0.0005936826,0.0005936826,0.0005936826,0.0005936826,0.060574323,0.0005936826,0.030262036,0.0005936826,0.006868032,0.0005936826,0.0005936826,0.0005936826,0.0005936826,0.0005936826,0.0005936826,0.0005936826,0.0005936826,0.06302987,0.0005936826,0.0005936826,0.0005936826,0.0005936826,0.0005936826,1e-05,0.0005936826,Silicates,0.9582,"Phosphates,Arsenates,Vanadates"
33,30.876648,8.053546,55.70468,0.22608605,0.3445339,2.0102012,0.8500623,1.0334882,0.0057922164,0.04198924,0.0057922164,0.026178375,0.019504897,0.7488549,0.0057922164,0.0057922164,0.012852146,0.0083277505,0.00057922164,0.00057922164,0.00057922164,0.00057922164,0.00057922164,0.001626494,0.0037680476,0.00057922164,0.00057922164,0.00057922164,0.00057922164,0.00057922164,0.00057922164,0.00057922164,0.00057922164,0.00057922164,0.00057922164,0.00057922164,0.00057922164,0.00057922164,0.00057922164,0.00057922164,0.00057922164,0.00057922164,0.00057922164,1e-05,0.00057922164,Silicates,0.9693,Silicates
34,37.47168,14.964262,39.59146,0.057159036,0.22357278,2.4387317,0.0057159034,0.5306871,0.0057159034,0.29709753,0.0057159034,0.033308692,0.0057159034,4.3145885,0.0057159034,0.0057159034,0.0005715903,0.020894783,0.0005715903,0.0005715903,0.0005715903,0.0005715903,0.0005715903,0.0005715903,0.0005715903,0.0005715903,0.00682971,0.0005715903,0.0005715903,0.0005715903,0.0005715903,0.0005715903,0.0005715903,0.0005715903,0.0005715903,0.0005715903,0.0005715903,0.0005715903,0.0005715903,0.0005715903,0.0005715903,0.0005715903,0.0005715903,1e-05,0.0005715903,Silicates,0.9696,Silicates
35,43.37587,23.282257,28.532518,0.05512767,0.11830267,1.0512357,0.005512767,0.0653367,0.005512767,0.07301678,0.005512767,0.029050276,0.015553513,3.3443823,0.0071092644,0.014370595,0.00055127667,0.0019393337,0.00055127667,0.00055127667,0.00055127667,0.00055127667,0.00055127667,0.00055127667,0.00055127667,0.00055127667,0.00055127667,0.00055127667,0.00055127667,0.00055127667,0.00055127667,0.00055127667,0.00055127667,0.00055127667,0.002507703,0.00055127667,0.00055127667,0.00055127667,0.00055127667,0.00055127667,0.00055127667,0.00055127667,0.00055127667,1e-05,0.00055127667,Silicates,0.9696,Silicates
36,0.53518796,40.46558,11.424838,26.430758,0.89042187,1.1309148,0.9149307,9.076081,0.005351879,0.15910177,0.005351879,0.18887411,0.005351879,1.7545385,0.005351879,0.005351879,6.5846157,0.102158844,0.00053518795,0.00053518795,0.037716456,0.003998441,0.00053518795,0.00053518795,0.16870452,0.00053518795,0.0030507073,0.00053518795,0.00053518795,0.00053518795,0.00053518795,0.00053518795,0.00053518795,0.00053518795,0.00053518795,0.010329268,0.00053518795,0.0802022,0.00053518795,0.00053518795,0.00053518795,0.00053518795,0.00053518795,1e-05,0.00053518795,"Phosphates,Arsenates,Vanadates",0.9649,Silicates
37,0.61989534,25.667234,58.297535,1.2256212,0.43543494,1.883118,8.72147,0.43184486,0.006198954,0.74684787,0.006198954,0.006198954,0.00868833,1.8540804,0.006198954,0.006198954,0.00061989535,0.017161373,0.00061989535,0.00061989535,0.00061989535,0.00061989535,0.00061989535,0.011967372,0.003961897,0.00061989535,0.011212261,0.00061989535,0.00061989535,0.00061989535,0.00061989535,0.00061989535,0.00061989535,0.00061989535,0.00061989535,0.00061989535,0.00061989535,0.018055644,0.00061989535,0.00061989535,0.00061989535,0.00061989535,0.00061989535,1e-05,0.00061989535,Silicates,0.9696,Silicates
38,23.812712,52.087547,8.402492,10.886163,1.0918492,0.55753314,0.23812711,0.23812711,0.53499806,0.23812711,0.23812711,0.23812711,0.23812711,0.0767533,0.37577966,0.056800295,0.023812711,0.021853207,0.023812711,0.023812711,0.023812711,0.023812711,0.023812711,0.023812711,0.023812711,0.023812711,0.023812711,0.023812711,0.023812711,0.023812711,0.023812711,0.023812711,0.023812711,0.023812711,0.023812711,0.023812711,0.023812711,0.023812711,0.023812711,0.023812711,0.023812711,0.023812711,0.023812711,1e-05,0.023812711,Silicates,0.7773,Silicates
39,19.251064,15.410124,46.399258,0.05823962,0.69974744,8.848808,0.0058239624,7.048247,0.0058239624,0.07336681,0.0058239624,0.067092724,0.0058239624,2.0863853,0.0058239624,0.0058239624,0.006415468,0.0005823962,0.0005823962,0.0005823962,0.0005823962,0.0005823962,0.0005823962,0.0005823962,0.0005823962,0.0005823962,0.0005823962,0.0005823962,0.0005823962,0.0005823962,0.0005823962,0.0005823962,0.0005823962,0.0005823962,0.0005823962,0.0005823962,0.0005823962,0.0005823962,0.0005823962,0.0005823962,0.0005823962,0.0005823962,0.0005823962,1e-05,0.0005823962,Silicates,0.9696,Silicates
40,36.49065,7.7771955,46.1418,0.05683141,0.36392662,3.615247,0.005683141,4.0354013,0.005683141,0.016028244,0.005683141,0.018471628,0.005683141,1.4285958,0.005683141,0.005683141,0.00056831405,0.00056831405,0.00056831405,0.00056831405,0.00056831405,0.00056831405,0.00056831405,0.00056831405,0.00056831405,0.00056831405,0.00056831405,0.00056831405,0.00056831405,0.00056831405,0.00056831405,0.00056831405,0.00056831405,0.00056831405,0.0058406466,0.00056831405,0.00056831405,0.00056831405,0.00056831405,0.00056831405,0.00056831405,0.00056831405,0.00056831405,1e-05,0.00056831405,Silicates,0.9696,Silicates
41,41.05302,4.189252,51.73071,0.05703047,0.15067002,1.3235252,0.005703047,0.15780924,0.005703047,0.005703047,0.005703047,0.011077925,0.005703047,1.2642801,0.005703047,0.005703047,0.0054745516,0.0018318138,0.0005703047,0.0005703047,0.0005703047,0.0005703047,0.0005703047,0.0005703047,0.0005703047,0.0005703047,0.0005703047,0.0005703047,0.0005703047,0.0005703047,0.0005703047,0.0005703047,0.0005703047,0.0005703047,0.0005703047,0.0005703047,0.0005703047,0.0005703047,0.0005703047,0.0005703047,0.0005703047,0.0005703047,0.0005703047,1e-05,0.0005703047,Silicates,0.9696,Silicates
42,0.65096164,3.19184,65.92015,2.7476826,2.361614,8.739964,0.006509616,1.0422728,0.006509616,0.06731694,0.006509616,0.075617515,0.33840808,14.745805,0.006509616,0.006509616,0.016492749,0.029471496,0.0006509616,0.0006509616,0.0006509616,0.0006509616,0.0006509616,0.0006509616,0.0006509616,0.0006509616,0.0006509616,0.0006509616,0.0006509616,0.0006509616,0.0006509616,0.022931809,0.0006509616,0.0006509616,0.0006509616,0.0006509616,0.0006509616,0.0006509616,0.0006509616,0.0006509616,0.0006509616,0.0006509616,0.0006509616,1e-05,0.0006509616,Silicates,0.9585,Silicates
43,0.59526587,33.62429,37.006947,1.5587916,0.88825697,2.4918888,19.461012,0.6398536,0.0059526586,0.36424544,0.0059526586,0.25518262,0.0059526586,2.8461266,0.0059526586,0.0059526586,0.0005952659,0.0005952659,0.0005952659,0.0005952659,0.0005952659,0.0005952659,0.0005952659,0.041788682,0.031047307,0.0005952659,0.06590574,0.0005952659,0.0005952659,0.0005952659,0.0005952659,0.0005952659,0.0005952659,0.0005952659,0.0103297755,0.008946587,0.0005952659,0.064758405,0.0025001494,0.0005952659,0.0005952659,0.0005952659,0.0005952659,1e-05,0.0005952659,Silicates,0.9696,Silicates
44,0.6092827,26.53909,48.18789,1.2213585,0.7495355,2.1325753,16.172686,0.67970026,0.0060928264,0.2930137,0.0060928264,0.30689117,0.0060928264,2.8619757,0.0060928264,0.0060928264,0.00060928264,0.0026093475,0.00060928264,0.00060928264,0.00060928264,0.00060928264,0.00060928264,0.042202383,0.055490475,0.00060928264,0.0023376406,0.00060928264,0.00060928264,0.00060928264,0.00060928264,0.00060928264,0.00060928264,0.00060928264,0.00060928264,0.0077561443,0.00060928264,0.09112842,0.00060928264,0.00060928264,0.00060928264,0.00060928264,0.00060928264,1e-05,0.00060928264,Silicates,0.9696,Silicates
45,0.6693561,0.06693561,82.9532,0.8868849,0.06693561,4.107524,0.006693561,1.2933514,0.006693561,0.006693561,0.006693561,0.07273371,0.18117377,9.540946,0.006693561,0.006693561,0.0006693561,0.022421075,0.0006693561,0.0006693561,0.0006693561,0.0006693561,0.0006693561,0.0006693561,0.0006693561,0.0006693561,0.0006693561,0.0006693561,0.0062087225,0.0006693561,0.0006693561,0.02295928,0.0006693561,0.0006693561,0.022216015,0.0006693561,0.0006693561,0.0006693561,0.0006693561,0.0006693561,0.030924203,0.0006693561,0.0006693561,1e-05,0.0006693561,Silicates,0.9674,Silicates
46,0.67909974,18.843245,30.065369,1.4387075,1.1775157,11.210606,0.0067909975,1.7795064,0.0067909975,0.1312318,0.0067909975,0.1294307,0.16378593,33.772583,0.0694852,0.34167305,0.00067909976,0.06689206,0.00067909976,0.00067909976,0.00067909976,0.00067909976,0.00067909976,0.00067909976,0.00067909976,0.00067909976,0.00067909976,0.00067909976,0.013872178,0.00067909976,0.00067909976,0.042620797,0.00067909976,0.00067909976,0.00067909976,0.00067909976,0.00067909976,0.00067909976,0.00067909976,0.00067909976,0.03702864,0.00067909976,0.00067909976,1e-05,0.00067909976,Silicates,0.9696,Silicates
47,0.63650966,21.02756,31.466036,7.0586524,2.186091,9.631136,0.006365096,2.9681442,0.006365096,0.4007855,0.006365096,2.2496226,0.080638304,21.971636,0.09612502,0.13089587,0.0006365096,0.033879682,0.0006365096,0.0006365096,0.0006365096,0.0006365096,0.0006365096,0.0006365096,0.018088438,0.0006365096,0.0006365096,0.0006365096,0.008557555,0.0006365096,0.0006365096,0.0006365096,0.0006365096,0.0006365096,0.0006365096,0.0006365096,0.0006365096,0.0006365096,0.0006365096,0.0006365096,0.0006365096,0.0006365096,0.0006365096,1e-05,0.0006365096,Silicates,0.9696,Silicates
48,0.6912287,17.248438,16.725346,3.61883,2.1310368,12.68429,0.006912287,1.3706259,0.006912287,0.10801576,0.006912287,0.10076762,0.38928637,44.633358,0.068145834,0.006912287,0.00069122866,0.047787603,0.00069122866,0.00069122866,0.00069122866,0.00069122866,0.00069122866,0.00069122866,0.00069122866,0.00069122866,0.035461612,0.00069122866,0.00069122866,0.00069122866,0.00069122866,0.032744773,0.00069122866,0.00069122866,0.03621803,0.00069122866,0.00069122866,0.00069122866,0.00069122866,0.00069122866,0.034180675,0.00069122866,0.00069122866,1e-05,0.00069122866,Silicates,0.9694,Silicates
49,0.5915777,36.175873,35.91531,1.7237003,0.6111371,3.3398693,17.667593,0.9610666,0.0059157773,0.19316773,0.0059157773,0.097504064,0.0059157773,2.4587896,0.0059157773,0.0059157773,0.00059157773,0.0037098022,0.00059157773,0.00059157773,0.00059157773,0.00059157773,0.00059157773,0.043813907,0.045235913,0.00059157773,0.00059157773,0.00059157773,0.0036376328,0.00059157773,0.00059157773,0.00059157773,0.00059157773,0.00059157773,0.014252484,0.00059157773,0.00059157773,0.1105789,0.00059157773,0.00059157773,0.00059157773,0.00059157773,0.00059157773,1e-05,0.00059157773,Silicates,0.9696,Silicates
50,0.5906917,34.014137,36.317493,1.7379005,0.72205883,3.3645265,19.196346,0.88770294,0.0059069167,0.19781451,0.0059069167,0.27367032,0.0059069167,2.5766406,0.0059069167,0.0059069167,0.0005906917,0.0005906917,0.0005906917,0.0005906917,0.0005906917,0.0005906917,0.0005906917,0.033174053,0.024067214,0.0005906917,0.0005906917,0.0005906917,0.0005906917,0.0005906917,0.0005906917,0.0005906917,0.0005906917,0.0005906917,0.0005906917,0.0005906917,0.0005906917,0.018882519,0.0005906917,0.0005906917,0.0005906917,0.0005906917,0.0005906917,1e-05,0.0005906917,Silicates,0.9696,Silicates
51,0.7060937,14.333582,37.733337,0.80767417,0.3777139,6.6277204,0.007060937,1.8312136,0.007060937,0.6992049,0.007060937,0.4129608,0.31887192,35.30317,0.09668906,0.5005803,0.10622629,0.035207488,0.00070609374,0.00070609374,0.00070609374,0.00070609374,0.00070609374,0.00070609374,0.00070609374,0.00070609374,0.03862369,0.00070609374,0.00070609374,0.00070609374,0.00070609374,0.00070609374,0.00070609374,0.00070609374,0.00070609374,0.00070609374,0.00070609374,0.00070609374,0.00070609374,0.00070609374,0.032298848,0.00070609374,0.00070609374,1e-05,0.00070609374,Silicates,0.9695,Silicates
52,0.5578422,30.342463,1.4450068,32.44414,0.7008697,2.799754,0.0055784215,1.3900818,0.0055784215,0.2023135,0.083224066,0.36884788,0.0055784215,15.184955,0.0055784215,0.0055784215,14.311154,0.016211381,0.0005578422,0.0005578422,0.07870041,0.009677525,0.0005578422,0.0005578422,0.016362183,0.0005578422,0.0005578422,0.0005578422,0.007674327,0.0005578422,0.0005578422,0.0005578422,0.0005578422,0.0005578422,0.0005578422,0.0005578422,0.0005578422,0.0005578422,0.0005578422,0.0005578422,0.0005578422,0.0005578422,0.0005578422,1e-05,0.0005578422,"Phosphates,Arsenates,Vanadates",0.965,Silicates
53,0.6390354,31.317282,45.387325,2.5782995,0.26490268,3.2501574,0.0063903537,3.3203435,0.0063903537,1.0744264,0.0063903537,0.3395751,0.0063903537,11.525065,0.0063903537,0.0875376,0.13465339,0.004593861,0.00063903537,0.00063903537,0.00063903537,0.00063903537,0.00063903537,0.00063903537,0.004303023,0.00063903537,0.003572613,0.00063903537,0.00063903537,0.00063903537,0.00063903537,0.00063903537,0.00063903537,0.00063903537,0.00063903537,0.00063903537,0.00063903537,0.021637768,0.00063903537,0.00063903537,0.00063903537,0.00063903537,0.00063903537,1e-05,0.00063903537,Silicates,0.9696,Silicates
54,0.60899323,6.348634,7.566655,0.33063594,0.3017075,3.6972039,0.98960847,79.49082,0.0060899323,0.09198157,0.0060899323,0.0060899323,0.029543439,0.47651187,0.0060899323,0.0060899323,0.0006089932,0.0053808014,0.0006089932,0.0006089932,0.0006089932,0.0006089932,0.0006089932,0.0006089932,0.004144044,0.0006089932,0.0006089932,0.0006089932,0.0006089932,0.0006089932,0.0006089932,0.0006089932,0.0029249487,0.0006089932,0.00923174,0.0006089932,0.0006089932,0.0006089932,0.0006089932,0.0006089932,0.0006089932,0.0009538378,0.0006089932,1e-05,0.0006089932,Carbonates(Nitrates),0.9624,Carbonates(Nitrates)
55,0.6118696,3.732895,2.6110535,0.61613256,0.68381524,1.7943385,0.073995546,89.27409,0.0061186957,0.04317573,0.0061186957,0.015201718,0.0061186957,0.26471615,0.0061186957,0.0061186957,0.00061186956,0.0045973146,0.00061186956,0.00061186956,0.00061186956,0.00061186956,0.00061186956,0.00061186956,0.21977739,0.00061186956,0.0031097317,0.00061186956,0.0010969372,0.00061186956,0.00061186956,0.00061186956,0.00061186956,0.00061186956,0.0027284673,0.00061186956,0.00061186956,0.00061186956,0.00061186956,0.00061186956,0.0027364888,0.00061186956,0.00061186956,1e-05,0.00061186956,Carbonates(Nitrates),0.9624,Carbonates(Nitrates)
56,0.61328566,4.968337,2.7216086,0.3358823,0.3534826,1.253348,0.020252068,89.20444,0.0061328565,0.057489086,0.0061328565,0.008022236,0.0061328565,0.39651906,0.0061328565,0.0061328565,0.00061328564,0.00061328564,0.00061328564,0.00061328564,0.00061328564,0.00061328564,0.00061328564,0.00061328564,0.018518986,0.00061328564,0.00061328564,0.00061328564,0.00071418565,0.00061328564,0.00061328564,0.00061328564,0.00061328564,0.00061328564,0.0010535638,0.00061328564,0.00061328564,0.00061328564,0.00061328564,0.00061328564,0.0010552324,0.00061328564,0.00061328564,1e-05,0.00061328564,Carbonates(Nitrates),0.9624,Carbonates(Nitrates)
57,2.668179,41.594006,9.717955,23.515974,0.7753502,1.1896198,0.005725514,0.46179953,0.005725514,0.1727972,0.114020035,0.005725514,0.005725514,11.150609,0.008328401,0.005725514,4.356659,3.9167778,0.00057255145,0.00057255145,0.19789559,0.0140381185,0.00057255145,0.00518186,0.018909352,0.00057255145,0.00057255145,0.00057255145,0.062409714,0.00057255145,0.00057255145,0.00057255145,0.0035671308,0.00057255145,0.00057255145,0.015843904,0.00057255145,0.00057255145,0.00057255145,0.00057255145,0.00057255145,0.00057255145,0.00057255145,1e-05,0.00057255145,Carbonates(Nitrates),0.9624,Carbonates(Nitrates)
58,14.33684,14.253429,51.738316,0.554714,1.1241786,3.3152666,5.175546,4.934437,0.006072708,0.36585712,0.006072708,0.029007815,0.04074214,4.029413,0.006072708,0.004762355,0.002359484,0.02565144,0.0006072708,0.0006072708,0.0006072708,0.0006072708,0.0006072708,0.005611802,0.0056133443,0.0006072708,0.012068427,0.0006072708,0.0006072708,0.0006072708,0.0019043789,0.0006072708,0.0006072708,0.0006072708,0.0029404308,0.0006072708,0.0006072708,0.010368718,0.0006072708,0.0006072708,0.0006072708,0.0006072708,0.0006072708,3.059088e-05,0.0006072708,Carbonates(Nitrates),0.9621,Carbonates(Nitrates)
59,7.347272,9.554282,18.540577,2.7797508,0.59039545,1.3290861,1.9656959,55.359165,0.0060531837,0.48892918,0.0060531837,0.0060531837,0.07273069,1.7353085,0.0060531837,0.0060531837,0.00097508467,0.0052533443,0.00060531835,0.00060531835,0.00060531835,0.00060531835,0.00060531835,0.0013588131,0.18043472,0.00060531835,0.0032627315,0.00060531835,0.00060531835,0.00060531835,0.00060531835,0.00060531835,0.001333005,0.00060531835,0.00060531835,0.00060531835,0.00060531835,0.00060531835,0.00060531835,0.00060531835,0.00060531835,0.00060531835,0.00060531835,1e-05,0.00060531835,Carbonates(Nitrates),0.9624,Carbonates(Nitrates)
60,0.6090336,4.115642,1.7307109,0.55434215,0.5277479,2.5012746,0.006090336,89.65796,0.006090336,0.006090336,0.006090336,0.03570844,0.006090336,0.15691057,0.006090336,0.006090336,0.00060903357,0.00060903357,0.00060903357,0.00060903357,0.00060903357,0.00060903357,0.00060903357,0.00060903357,0.05031868,0.00060903357,0.0012796813,0.00060903357,0.00060903357,0.00060903357,0.00060903357,0.00060903357,0.00060903357,0.00060903357,0.00060903357,0.00060903357,0.00060903357,0.00060903357,0.00060903357,0.00060903357,0.00060903357,0.00060903357,0.00060903357,1e-05,0.00060903357,Carbonates(Nitrates),0.9624,Carbonates(Nitrates)
61,1.433007,14.772943,36.693493,1.5512252,0.7259132,1.9639925,5.2004976,15.435323,0.006678783,0.81943893,0.006678783,0.012316163,1.2820206,19.975012,0.006678783,0.005629142,0.008856484,0.02115703,0.0006678783,0.0006678783,0.0006678783,0.0006678783,0.0006678783,0.01145032,0.007982127,0.0006678783,0.0138195995,0.0006678783,0.0025084491,0.0006678783,0.0017069095,0.0006678783,0.0006678783,0.0006678783,0.0025368251,0.0006678783,0.0006678783,0.025777766,0.0006678783,0.0006678783,0.0006678783,0.0006678783,0.0006678783,2.6494054e-05,0.0006678783,Carbonates(Nitrates),0.9462,Carbonates(Nitrates)
62,0.5838979,4.5294476,4.204578,9.082515,1.2278217,2.8213644,0.35470286,76.72308,0.005838979,0.027754126,0.005838979,0.005838979,0.005838979,0.31970677,0.005838979,0.005838979,0.0005838979,0.00898191,0.0005838979,0.0005838979,0.0005838979,0.0005838979,0.0005838979,0.0005838979,0.055734728,0.0005838979,0.0005838979,0.0005838979,0.0005838979,0.0005838979,0.0005838979,0.0005838979,0.0005838979,0.0005838979,0.0005838979,0.0005838979,0.0005838979,0.0005838979,0.0005838979,0.0005838979,0.010194945,0.0005838979,0.0005838979,1e-05,0.0005838979,Carbonates(Nitrates),0.9624,Carbonates(Nitrates)
63,7.3662143,5.363007,3.9692397,0.5216195,0.45150587,2.2593298,0.006013972,79.54316,0.006013972,0.04605886,0.006013972,0.040690154,0.006013972,0.36270627,0.006013972,0.006013972,0.0006013972,0.004319202,0.0006013972,0.0006013972,0.0006013972,0.0006013972,0.0006013972,0.0006013972,0.01739543,0.0006013972,0.0006013972,0.0006013972,0.0006013972,0.0006013972,0.0006013972,0.0006013972,0.003034557,0.0006013972,0.0006013972,0.0006013972,0.0006013972,0.0006013972,0.0006013972,0.0006013972,0.0006013972,0.0006013972,0.0006013972,1e-05,0.0006013972,Carbonates(Nitrates),0.9624,Carbonates(Nitrates)
64,0.6115878,2.013798,0.7580161,1.5895408,0.5813936,1.1791604,0.006115878,92.55904,0.006115878,0.04567021,0.006115878,0.006115878,0.006115878,0.21808523,0.006115878,0.006115878,0.00061158784,0.00061158784,0.00061158784,0.00061158784,0.00061158784,0.00061158784,0.00061158784,0.00061158784,0.37965333,0.00061158784,0.004734775,0.00061158784,0.00061158784,0.00061158784,0.00061158784,0.00061158784,0.00061158784,0.00061158784,0.00061158784,0.00061158784,0.00061158784,0.00061158784,0.00061158784,0.00061158784,0.00061158784,0.00061158784,0.00061158784,1e-05,0.00061158784,Carbonates(Nitrates),0.9624,Carbonates(Nitrates)
65,0.6131009,4.7447443,2.7249436,0.32703114,0.34715334,1.4687344,0.1311509,89.12444,0.0061310087,0.04107041,0.0061310087,0.022860695,0.0061310087,0.3728081,0.0061310087,0.0061310087,0.0006131009,0.0006131009,0.0006131009,0.0006131009,0.0006131009,0.0006131009,0.0006131009,0.0006131009,0.025430027,0.0006131009,0.0006131009,0.0006131009,0.0015065293,0.0006131009,0.0006131009,0.0006131009,0.0006131009,0.0006131009,0.004511585,0.0006131009,0.0006131009,0.0006131009,0.0006131009,0.0006131009,0.0045263595,0.0006131009,0.0006131009,1e-05,0.0006131009,Carbonates(Nitrates),0.9624,Carbonates(Nitrates)
66,7.556692,5.1911263,4.799688,0.5392601,0.45384255,1.6864352,0.0060291956,79.19165,0.0060291956,0.069466345,0.0060291956,0.02389468,0.0060291956,0.41085395,0.0060291956,0.0060291956,0.00060291955,0.0035252545,0.00060291955,0.00060291955,0.00060291955,0.00060291955,0.00060291955,0.00060291955,0.017257469,0.00060291955,0.00060291955,0.00060291955,0.00060291955,0.00060291955,0.00060291955,0.00060291955,0.0044574123,0.00060291955,0.00060291955,0.00060291955,0.00060291955,0.00060291955,0.00060291955,0.00060291955,0.00060291955,0.00060291955,0.00060291955,1e-05,0.00060291955,Carbonates(Nitrates),0.9624,Carbonates(Nitrates)
67,0.61071485,3.9070435,2.5746706,0.77843046,0.6875666,1.8647919,0.20244709,88.87934,0.0061071487,0.04063624,0.0061071487,0.0061071487,0.0061071487,0.22503045,0.0061071487,0.0061071487,0.0006107149,0.0055111926,0.0006107149,0.0006107149,0.0006107149,0.0006107149,0.0006107149,0.0006107149,0.16466035,0.0006107149,0.002463409,0.0006107149,0.0006107149,0.0006107149,0.0006107149,0.0006107149,0.0006107149,0.0006107149,0.0006107149,0.0006107149,0.0006107149,0.0006107149,0.0006107149,0.0006107149,0.0047849705,0.0006107149,0.0006107149,1e-05,0.0006107149,Carbonates(Nitrates),0.9624,Carbonates(Nitrates)
68,0.5333346,35.95306,18.787148,30.873188,0.6247035,1.1722616,0.9195047,3.5779061,0.005333346,0.2091614,0.16208938,0.17440014,0.005333346,3.9773476,0.005333346,0.005333346,1.7305254,1.2142634,0.00053333456,0.00053333456,0.018341504,0.0008871093,0.00053333456,0.0018881832,0.0053513125,0.00053333456,0.00053333456,0.00053333456,0.0031190938,0.00053333456,0.00053333456,0.00650685,0.0034897598,0.00053333456,0.00053333456,0.0028082388,0.00053333456,0.013502001,0.004811156,0.00053333456,0.00053333456,0.00053333456,0.00053333456,1e-05,0.00053333456,Carbonates(Nitrates),0.9622,Carbonates(Nitrates)
69,0.61197,1.1523589,0.8016181,1.0285159,0.36719397,1.3521231,0.0061197,94.39814,0.0061197,0.010044743,0.0061197,0.0061197,0.0061197,0.13491112,0.0061197,0.0061197,0.008934064,0.0037800986,0.00061197,0.00061197,0.00061197,0.00061197,0.00061197,0.00061197,0.06296527,0.00061197,0.0010125565,0.00061197,0.00061197,0.00061197,0.00061197,0.00061197,0.00061197,0.00061197,0.008908645,0.00061197,0.00061197,0.00061197,0.00061197,0.00061197,0.00061197,0.00061197,0.00061197,1e-05,0.00061197,Carbonates(Nitrates),0.9624,Carbonates(Nitrates)
70,0.5770837,4.807717,4.9048033,14.381465,0.72628933,1.4170464,0.8279238,70.58482,0.005770837,0.14916918,0.005770837,0.005770837,0.06368719,1.451441,0.005770837,0.005770837,0.004864858,0.0189773,0.0005770837,0.0005770837,0.0005770837,0.0005770837,0.0005770837,0.0005770837,0.023194918,0.0005770837,0.0005770837,0.0005770837,0.0005770837,0.0005770837,0.0005770837,0.0005770837,0.008886349,0.0005770837,0.008887483,0.0005770837,0.0005770837,0.0005770837,0.0005770837,0.0005770837,0.0005770837,0.0016086039,0.0005770837,1e-05,0.0005770837,Carbonates(Nitrates),0.9624,Carbonates(Nitrates)
71,8.404442,9.108597,15.821978,2.0827332,0.6387533,2.497308,1.8470536,57.123123,0.0060194903,0.44448373,0.0060194903,0.025351092,0.060684126,1.5839887,0.0060194903,0.0060194903,0.00060194905,0.0075340853,0.00060194905,0.00060194905,0.00060194905,0.00060194905,0.00060194905,0.0012888198,0.3076429,0.00060194905,0.0059132357,0.00060194905,0.00060194905,0.00060194905,0.00060194905,0.00060194905,0.00060194905,0.00060194905,0.00060194905,0.00060194905,0.00060194905,0.00060194905,0.00060194905,0.00060194905,0.00060194905,0.00060194905,0.00060194905,1e-05,0.00060194905,Carbonates(Nitrates),0.9624,Carbonates(Nitrates)
72,0.61284846,4.6053414,2.6822236,0.43583894,0.47008875,1.3775656,0.0061284844,89.25228,0.0061284844,0.057372257,0.0061284844,0.0061284844,0.0061284844,0.35775065,0.0061284844,0.0061284844,0.00061284844,0.0019971163,0.00061284844,0.00061284844,0.00061284844,0.00061284844,0.00061284844,0.00061284844,0.08637879,0.00061284844,0.001480433,0.00061284844,0.00061284844,0.00061284844,0.00061284844,0.00061284844,0.00061284844,0.00061284844,0.00061284844,0.00061284844,0.00061284844,0.00061284844,0.00061284844,0.00061284844,0.00061284844,0.00061284844,0.00061284844,1e-05,0.00061284844,Carbonates(Nitrates),0.9624,Carbonates(Nitrates)
73,0.5826409,4.130214,4.278748,9.716843,1.1742499,2.751213,0.065975204,76.90666,0.005826409,0.039706696,0.005826409,0.005826409,0.010879106,0.22049169,0.005826409,0.005826409,0.0014983701,0.011853179,0.0005826409,0.0005826409,0.0005826409,0.0005826409,0.0005826409,0.0007354959,0.064204805,0.0005826409,0.00097238383,0.0005826409,0.0005826409,0.0005826409,0.0005826409,0.0005826409,0.0005826409,0.0005826409,0.0005826409,0.0005826409,0.0005826409,0.0005826409,0.0005826409,0.0005826409,0.0005826409,0.0005826409,0.0005826409,1e-05,0.0005826409,Carbonates(Nitrates),0.9624,Carbonates(Nitrates)
74,4.7411427,3.6066394,3.3285842,0.6080359,0.63614684,1.7402648,0.0060773073,84.843796,0.0060773073,0.045065712,0.0060773073,0.0060773073,0.01998043,0.15556604,0.0060773073,0.0060773073,0.00060773076,0.0020140107,0.00060773076,0.00060773076,0.00060773076,0.00060773076,0.00060773076,0.00060773076,0.21488716,0.00060773076,0.00060773076,0.00060773076,0.00060773076,0.00060773076,0.00060773076,0.00060773076,0.00060773076,0.00060773076,0.005610238,0.00060773076,0.00060773076,0.00060773076,0.00060773076,0.00060773076,0.00060773076,0.00060773076,0.00060773076,1e-05,0.00060773076,Carbonates(Nitrates),0.9624,Carbonates(Nitrates)
75,8.148783,4.8126483,3.6776311,0.6777413,0.6845089,3.0737765,0.0059790513,78.35031,0.0059790513,0.040161073,0.0059790513,0.044344816,0.0059790513,0.20882028,0.0059790513,0.0059790513,0.00059790513,0.0071561434,0.00059790513,0.00059790513,0.00059790513,0.00059790513,0.00059790513,0.00059790513,0.22077705,0.00059790513,0.0019239134,0.00059790513,0.00059790513,0.00059790513,0.00059790513,0.00059790513,0.00059790513,0.00059790513,0.00059790513,0.00059790513,0.00059790513,0.00059790513,0.00059790513,0.00059790513,0.00059790513,0.00059790513,0.00059790513,1e-05,0.00059790513,Carbonates(Nitrates),0.9624,Carbonates(Nitrates)
76,0.6095679,6.774331,8.20176,0.16733415,0.64607525,3.0365427,0.7626911,79.33781,0.006095679,0.08510099,0.006095679,0.012185836,0.006095679,0.30648243,0.006095679,0.006095679,0.00060956785,0.0015993211,0.00060956785,0.00060956785,0.00060956785,0.00060956785,0.00060956785,0.00060956785,0.0035393494,0.00060956785,0.00060956785,0.00060956785,0.00060956785,0.00060956785,0.00060956785,0.00060956785,0.0031599272,0.00060956785,0.005727872,0.00060956785,0.00060956785,0.00060956785,0.00060956785,0.00060956785,0.00060956785,0.0009893151,0.00060956785,1e-05,0.00060956785,Carbonates(Nitrates),0.9624,Carbonates(Nitrates)
77,0.5607977,39.151188,13.150778,20.332724,0.54235226,1.4665371,0.9329709,10.658154,0.0056079766,0.15413488,0.0066251694,0.29475737,0.0056079766,4.1556735,0.0056079766,0.0056079766,8.271258,0.021303436,0.0005607977,0.0005607977,0.10379042,0.012169052,0.0005607977,0.0005607977,0.082703546,0.0005607977,0.0047173733,0.0005607977,0.00804685,0.0005607977,0.0005607977,0.0005995599,0.0073570465,0.0005607977,0.0005607977,0.0005607977,0.0005607977,0.048248336,0.0005885565,0.0005607977,0.0005607977,0.0005607977,0.0005607977,1e-05,0.0005607977,Carbonates(Nitrates),0.9618,Carbonates(Nitrates)
78,1.1449709,4.5247245,5.800939,2.2805386,0.9454142,1.2656374,0.006090814,83.15237,0.006090814,0.11357468,0.006090814,0.006090814,0.032046366,0.4182292,0.006090814,0.006090814,0.00060908135,0.0031399399,0.00060908135,0.00060908135,0.00060908135,0.00060908135,0.00060908135,0.00060908135,0.24040027,0.00060908135,0.0025274984,0.00060908135,0.00060908135,0.00060908135,0.00060908135,0.00060908135,0.004883531,0.00060908135,0.00060908135,0.00060908135,0.00060908135,0.0170973,0.00060908135,0.00060908135,0.00060908135,0.0029589927,0.00060908135,1e-05,0.00060908135,Carbonates(Nitrates),0.9624,Carbonates(Nitrates)
79,2.6020255,4.173948,2.1660314,0.74750584,0.61034423,1.7775929,0.31082678,87.1992,0.0060834414,0.02798683,0.0060834414,0.0060834414,0.0060834414,0.1491816,0.0060834414,0.0060834414,0.00060834415,0.0036263282,0.00060834415,0.00060834415,0.00060834415,0.00060834415,0.00060834415,0.00060834415,0.16852404,0.00060834415,0.00060834415,0.00060834415,0.00060834415,0.00060834415,0.00060834415,0.00060834415,0.00060834415,0.00060834415,0.004406088,0.00060834415,0.00060834415,0.00060834415,0.00060834415,0.00060834415,0.0070872945,0.00060834415,0.00060834415,1e-05,0.00060834415,Carbonates(Nitrates),0.9624,Carbonates(Nitrates)
80,2.658229,43.16762,10.140519,23.555014,0.9988864,1.2431282,0.27736637,1.0263822,0.005650862,0.18146476,0.11381697,0.022928849,0.005650862,8.914476,0.005650862,0.005650862,3.416498,3.934062,0.0005650862,0.0005650862,0.14908887,0.0034435524,0.0005650862,0.004702662,0.03164093,0.0005650862,0.0005650862,0.0005650862,0.06500801,0.0005650862,0.042974934,0.0005650862,0.0005650862,0.0005650862,0.0005650862,0.01884314,0.0005650862,0.0005650862,0.0005650862,0.0005650862,0.0005650862,0.0005650862,0.0005650862,0.00079792936,0.0005650862,Carbonates(Nitrates),0.9622,Carbonates(Nitrates)
81,0.60884655,9.185447,6.6454844,0.5045503,0.42467946,2.6017597,0.8710531,78.50562,0.0060884655,0.09516918,0.0060884655,0.0060884655,0.0060884655,0.48779336,0.0060884655,0.0060884655,0.00060884655,0.00060884655,0.00060884655,0.00060884655,0.00060884655,0.00060884655,0.00060884655,0.00060884655,0.014685387,0.00060884655,0.00060884655,0.00060884655,0.00060884655,0.00060884655,0.00060884655,0.00060884655,0.001030824,0.00060884655,0.0014557111,0.00060884655,0.00060884655,0.00060884655,0.00060884655,0.00060884655,0.00060884655,0.0006716788,0.00060884655,1e-05,0.00060884655,Carbonates(Nitrates),0.9624,Carbonates(Nitrates)
82,0.61200917,3.8221638,2.6312041,0.56484485,0.6255002,1.8164557,0.12282473,89.22082,0.0061200913,0.037005223,0.0061200913,0.021737063,0.0061200913,0.2743143,0.0061200913,0.0061200913,0.00061200914,0.0039336723,0.00061200914,0.00061200914,0.00061200914,0.00061200914,0.00061200914,0.00061200914,0.18985827,0.00061200914,0.0026938487,0.00061200914,0.0014460144,0.00061200914,0.00061200914,0.00061200914,0.00061200914,0.00061200914,0.0042511993,0.00061200914,0.00061200914,0.00061200914,0.00061200914,0.00061200914,0.0042649913,0.00061200914,0.00061200914,1e-05,0.00061200914,Carbonates(Nitrates),0.9624,Carbonates(Nitrates)
83,2.8862386,1.7326663,0.6582436,0.15661193,0.31771472,0.7930386,0.006134668,93.12727,0.006134668,0.012368279,0.006134668,0.006134668,0.006134668,0.24345376,0.006134668,0.004681977,0.0006134668,0.0006134668,0.0006134668,0.0006134668,0.0006134668,0.0006134668,0.0006134668,0.0010955054,0.0073388987,0.0006134668,0.0006134668,0.0006134668,0.0006134668,0.0006134668,0.00070368254,0.0006134668,0.006425083,0.0006134668,0.0006134668,0.0006134668,0.0006134668,0.0006134668,0.0006134668,0.0006134668,0.0006134668,0.0006134668,0.0006134668,1.146602e-05,0.0006134668,Halides,0.9606,Halides
84,2.0557365,2.0632143,0.9487203,0.13980725,0.44047624,0.81948423,0.0061416607,93.07661,0.0061416607,0.017060306,0.0061416607,0.0061416607,0.0061416607,0.36385837,0.0061416607,0.00522025,0.0006141661,0.0006141661,0.0006141661,0.0006141661,0.0006141661,0.0006141661,0.0006141661,0.0014584935,0.009124201,0.0006141661,0.0006141661,0.0006141661,0.0006141661,0.0006141661,0.00077218586,0.0006141661,0.006257593,0.0006141661,0.0006141661,0.0006141661,0.0006141661,0.0006141661,0.0006141661,0.0006141661,0.0006141661,0.0006141661,0.0006141661,1.2567845e-05,0.0006141661,Halides,0.9606,Halides
85,0.613635,1.6683427,0.65553486,0.16180125,0.5604275,1.2189413,0.00613635,94.89107,0.00613635,0.00794191,0.00613635,0.00613635,0.00613635,0.1585028,0.00613635,0.00613635,0.000613635,0.000613635,0.000613635,0.000613635,0.000613635,0.000613635,0.000613635,0.0007532571,0.0029964962,0.000613635,0.000613635,0.000613635,0.000613635,0.000613635,0.00063976593,0.000613635,0.0011210324,0.000613635,0.000613635,0.000613635,0.000613635,0.000613635,0.000613635,0.000613635,0.000613635,0.000613635,0.000613635,1.0424631e-05,0.000613635,Halides,0.9606,Halides
86,3.1029918,5.444919,4.9773097,1.1113261,0.78702736,2.5619407,0.37475222,79.42713,0.0060935323,0.091370255,0.0060935323,0.01949393,0.0060935323,1.8766793,0.0060935323,0.0060935323,0.00623972,0.1649592,0.0006093532,0.0006093532,0.0006093532,0.0006093532,0.0006093532,0.0006093532,0.0051665693,0.0006093532,0.0006093532,0.0006093532,0.0006093532,0.0006093532,0.0006093532,0.0006093532,0.0006093532,0.0006093532,0.0006093532,0.0006093532,0.0006093532,0.0006093532,0.0006093532,0.0006093532,0.0006093532,0.002991175,0.0006093532,1e-05,0.0006093532,Halides,0.9606,Halides
87,0.6141772,5.5566497,4.9227676,0.3684488,0.60181725,3.2002735,0.40963602,81.62633,0.006141772,0.15888166,0.006141772,0.02080841,0.006141772,2.2513168,0.006141772,0.006141772,0.010497599,0.19892594,0.0006141772,0.0006141772,0.0006141772,0.0006141772,0.0006141772,0.0006141772,0.00841239,0.0006141772,0.0006141772,0.0006141772,0.0006141772,0.0006141772,0.0006141772,0.0006141772,0.0049991426,0.0006141772,0.0006141772,0.0006141772,0.0006141772,0.0006141772,0.0006141772,0.0006141772,0.0006141772,0.0006141772,0.0006141772,1e-05,0.0006141772,Halides,0.9606,Halides
88,0.615626,2.2785635,2.558543,0.1640862,0.55023646,0.8925297,0.0061562597,92.45387,0.0061562597,0.018562913,0.0061562597,0.0061562597,0.0061562597,0.39092547,0.0061562597,0.0061562597,0.000615626,0.000615626,0.000615626,0.000615626,0.000615626,0.000615626,0.000615626,0.0015750194,0.009799284,0.000615626,0.000615626,0.000615626,0.000615626,0.000615626,0.0007951809,0.000615626,0.0041021355,0.000615626,0.0029151416,0.000615626,0.000615626,0.000615626,0.000615626,0.000615626,0.000615626,0.000615626,0.000615626,1.2917794e-05,0.000615626,Halides,0.9606,Halides
89,0.6139545,1.8457174,0.8015471,0.15243211,0.5774581,1.1541597,0.0061395452,94.54254,0.0061395452,0.011103366,0.0061395452,0.0061395452,0.0061395452,0.23438409,0.0061395452,0.0061395452,0.0006139545,0.0006139545,0.0006139545,0.0006139545,0.0006139545,0.0006139545,0.0006139545,0.0009978015,0.004686427,0.0006139545,0.0006139545,0.0006139545,0.0006139545,0.0006139545,0.00068579323,0.0006139545,0.002008884,0.0006139545,0.0006139545,0.0006139545,0.0006139545,0.0006139545,0.0006139545,0.0006139545,0.0006139545,0.0006139545,0.0006139545,1.1167391e-05,0.0006139545,Halides,0.9606,Halides
90,2.4436603,5.9565578,5.6382947,0.94258577,0.7840432,3.3018591,0.54242355,77.25754,0.006111779,0.117969394,0.006111779,0.02560621,0.006111779,2.6871912,0.006111779,0.006111779,0.008802039,0.2397016,0.0006111779,0.0006111779,0.0006111779,0.0006111779,0.0006111779,0.0006111779,0.005568205,0.0006111779,0.0006111779,0.0006111779,0.0006111779,0.0006111779,0.0006111779,0.0006111779,0.0006111779,0.0006111779,0.0006111779,0.0006111779,0.0006111779,0.0006111779,0.0006111779,0.0006111779,0.0006111779,0.0023614902,0.0006111779,1e-05,0.0006111779,Halides,0.9606,Halides
91,0.6129967,4.513828,3.4614642,0.30738717,0.5020342,1.9656433,0.066894956,87.58166,0.006129967,0.14006092,0.006129967,0.008338718,0.006129967,0.71270037,0.006129967,0.006129967,0.0073964964,0.05670728,0.0006129967,0.0006129967,0.0006129967,0.0006129967,0.0006129967,0.0006129967,0.009405317,0.0006129967,0.0006129967,0.0006129967,0.0006129967,0.0006129967,0.0006129967,0.0006129967,0.007513243,0.0006129967,0.0006129967,0.0006129967,0.0006129967,0.0006129967,0.0006129967,0.0006129967,0.0006129967,0.0006129967,0.0006129967,1e-05,0.0006129967,Halides,0.9606,Halides
92,0.61578256,2.0517893,3.259305,0.19793415,0.4848846,0.9097505,0.0061578252,92.115,0.0061578252,0.014359215,0.0061578252,0.0061578252,0.0061578252,0.275771,0.0061578252,0.0061578252,0.0006157825,0.0006157825,0.0006157825,0.0006157825,0.0006157825,0.0006157825,0.0006157825,0.0012499874,0.008265266,0.0006157825,0.0006157825,0.0006157825,0.0006157825,0.0006157825,0.0007344769,0.0006157825,0.0029205314,0.0006157825,0.004372216,0.0006157825,0.0006157825,0.0006157825,0.0006157825,0.0006157825,0.0006157825,0.0006157825,0.0006157825,1.19288015e-05,0.0006157825,Halides,0.9606,Halides
93,0.61551213,6.735919,6.575274,0.4375,0.7146563,4.5964475,0.79722273,74.89178,0.0061551216,0.180165,0.0061551216,0.034909688,0.0061551216,3.991252,0.0061551216,0.0061551216,0.014004462,0.35975307,0.00061551214,0.00061551214,0.00061551214,0.00061551214,0.00061551214,0.00061551214,0.0072895447,0.00061551214,0.00061551214,0.00061551214,0.00061551214,0.00061551214,0.00061551214,0.00061551214,0.002156087,0.00061551214,0.00061551214,0.00061551214,0.00061551214,0.00061551214,0.00061551214,0.00061551214,0.00061551214,0.00061551214,0.00061551214,1e-05,0.00061551214,Halides,0.9606,Halides
94,0.61464715,3.1143992,1.9466256,0.16315599,0.60565084,1.1142358,0.0061464715,91.76005,0.0061464715,0.056690235,0.0061464715,0.0061464715,0.0061464715,0.53518724,0.0061464715,0.0061464715,0.0023749545,0.009334306,0.0006146471,0.0006146471,0.0006146471,0.0006146471,0.0006146471,0.0016714566,0.01147526,0.0006146471,0.0006146471,0.0006146471,0.0006146471,0.0006146471,0.0008124339,0.0006146471,0.006529571,0.0006146471,0.0006146471,0.0006146471,0.0006146471,0.0006146471,0.0006146471,0.0006146471,0.0006146471,0.0006146471,0.0006146471,1.3214065e-05,0.0006146471,Halides,0.9606,Halides
95,0.6157867,1.6046528,4.1627126,0.25288603,0.37951592,0.97906303,0.0061578667,91.86964,0.0061578667,0.0061578667,0.0061578667,0.0061578667,0.0061578667,0.058494966,0.0061578667,0.0061578667,0.00061578664,0.00061578664,0.00061578664,0.00061578664,0.00061578664,0.00061578664,0.00061578664,0.00061578664,0.0049029063,0.00061578664,0.00061578664,0.00061578664,0.00061578664,0.00061578664,0.00061578664,0.00061578664,0.00061578664,0.00061578664,0.006459627,0.00061578664,0.00061578664,0.00061578664,0.00061578664,0.00061578664,0.00061578664,0.00061578664,0.00061578664,1e-05,0.00061578664,Halides,0.9606,Halides
96,4.1228046,4.0238023,3.6442327,1.3492846,0.74594706,0.93582666,0.006065148,84.99054,0.006065148,0.029961785,0.006065148,0.006065148,0.006065148,0.08969197,0.006065148,0.006065148,0.0006065148,0.0006065148,0.0006065148,0.0006065148,0.0006065148,0.0006065148,0.0006065148,0.0006065148,0.004391551,0.0006065148,0.0006065148,0.0006065148,0.0006065148,0.0006065148,0.0006065148,0.0006065148,0.0006065148,0.0006065148,0.0013272051,0.0006065148,0.0006065148,0.0006065148,0.0006065148,0.0006065148,0.0006065148,0.0039651315,0.0006065148,1e-05,0.0006065148,Halides,0.9606,Halides
97,2.5737593,5.8556013,5.5078692,0.9758816,0.784632,3.1558585,0.5093387,77.68564,0.0061081783,0.11272086,0.0061081783,0.024400136,0.0061081783,2.5272613,0.0061081783,0.0061081783,0.008296442,0.22495344,0.00061081786,0.00061081786,0.00061081786,0.00061081786,0.00061081786,0.00061081786,0.005488954,0.00061081786,0.00061081786,0.00061081786,0.00061081786,0.00061081786,0.00061081786,0.00061081786,0.00061081786,0.00061081786,0.00061081786,0.00061081786,0.00061081786,0.00061081786,0.00061081786,0.00061081786,0.00061081786,0.0024857395,0.00061081786,1e-05,0.00061081786,Halides,0.9606,Halides
98,0.6157159,1.6035095,4.053874,0.25028747,0.3847045,0.98745674,0.0061571593,91.96726,0.0061571593,0.0061571593,0.0061571593,0.0061571593,0.0061571593,0.060211416,0.0061571593,0.0061571593,0.0006157159,0.0006157159,0.0006157159,0.0006157159,0.0006157159,0.0006157159,0.0006157159,0.0006157159,0.004815835,0.0006157159,0.0006157159,0.0006157159,0.0006157159,0.0006157159,0.0006157159,0.0006157159,0.0006157159,0.0006157159,0.00628242,0.0006157159,0.0006157159,0.0006157159,0.0006157159,0.0006157159,0.0006157159,0.0006157159,0.0006157159,1e-05,0.0006157159,Halides,0.9606,Halides
99,2.417337,1.4205692,0.41168422,0.17346653,0.33904248,0.98995733,0.006129632,94.07797,0.006129632,0.006129632,0.006129632,0.006129632,0.006129632,0.0981015,0.006129632,0.0049763275,0.00061296317,0.00061296317,0.00061296317,0.00061296317,0.00061296317,0.00061296317,0.00061296317,0.00061296317,0.003596777,0.00061296317,0.00061296317,0.00061296317,0.00061296317,0.00061296317,0.00061296317,0.00061296317,0.0038361154,0.00061296317,0.00061296317,0.00061296317,0.00061296317,0.00061296317,0.00061296317,0.00061296317,0.00061296317,0.00061296317,0.00061296317,1e-05,0.00061296317,Halides,0.9606,Halides
100,4.4951572,4.2801576,3.5399883,1.4645287,0.78720075,0.9350293,0.006054983,84.30422,0.006054983,0.032489028,0.006054983,0.006054983,0.006054983,0.09378032,0.006054983,0.006054983,0.0006054983,0.0006054983,0.0006054983,0.0006054983,0.0006054983,0.0006054983,0.0006054983,0.0006054983,0.004297901,0.0006054983,0.0006054983,0.0006054983,0.0006054983,0.0006054983,0.0006054983,0.0006054983,0.0006054983,0.0006054983,0.0007021401,0.0006054983,0.0006054983,0.0006054983,0.0006054983,0.0006054983,0.0006054983,0.004320742,0.0006054983,1e-05,0.0006054983,Halides,0.9606,Halides
101,0.6131254,4.1082277,2.9741786,0.2723182,0.5063874,1.6318043,0.0061312537,89.204956,0.0061312537,0.12217999,0.0061312537,0.0061312537,0.0061312537,0.45722228,0.0061312537,0.0061312537,0.0060340604,0.027465655,0.0006131254,0.0006131254,0.0006131254,0.0006131254,0.0006131254,0.00080517284,0.009925527,0.0006131254,0.0006131254,0.0006131254,0.0006131254,0.0006131254,0.0006490679,0.0006131254,0.0076992274,0.0006131254,0.0006131254,0.0006131254,0.0006131254,0.0006131254,0.0006131254,0.0006131254,0.0006131254,0.0006131254,0.0006131254,1.0584072e-05,0.0006131254,Halides,0.9606,Halides
102,0.6135762,3.8138356,2.6697967,0.23998216,0.5357913,1.4784901,0.0061357613,89.96183,0.0061357613,0.1027806,0.0061357613,0.0061357613,0.0061357613,0.4803171,0.0061357613,0.0061357613,0.004950159,0.022094784,0.00061357615,0.00061357615,0.00061357615,0.00061357615,0.00061357615,0.0010617835,0.010384589,0.00061357615,0.00061357615,0.00061357615,0.00061357615,0.00061357615,0.0006974602,0.00061357615,0.0073527517,0.00061357615,0.00061357615,0.00061357615,0.00061357615,0.00061357615,0.00061357615,0.00061357615,0.00061357615,0.00061357615,0.00061357615,1.1363129e-05,0.00061357615,Halides,0.9606,Halides
103,0.6135273,3.8457484,2.7027926,0.24348749,0.5326038,1.4951098,0.006135273,89.879776,0.006135273,0.10488356,0.006135273,0.006135273,0.006135273,0.47781354,0.006135273,0.006135273,0.0050676577,0.022677002,0.00061352726,0.00061352726,0.00061352726,0.00061352726,0.00061352726,0.0010339662,0.010334825,0.00061352726,0.00061352726,0.00061352726,0.00061352726,0.00061352726,0.00069221435,0.00061352726,0.0073903105,0.00061352726,0.00061352726,0.00061352726,0.00061352726,0.00061352726,0.00061352726,0.00061352726,0.00061352726,0.00061352726,0.00061352726,1.12786765e-05,0.00061352726,Halides,0.9606,Halides
104,4.20411,4.5443854,3.903079,0.37054795,0.9702959,2.7800672,0.41852894,80.35421,0.006090923,0.08253533,0.006090923,0.021082658,0.006090923,2.107167,0.006090923,0.0049597076,0.010241897,0.18547896,0.0006090923,0.0006090923,0.0006090923,0.0006090923,0.0006090923,0.0006090923,0.0031081326,0.0006090923,0.0006090923,0.0006090923,0.0006090923,0.0006090923,0.0006090923,0.0006090923,0.0006090923,0.0006090923,0.0006090923,0.0006090923,0.0006090923,0.0006090923,0.0006090923,0.0006090923,0.0006090923,0.0006090923,0.0006090923,1e-05,0.0006090923,Halides,0.9605,Halides
105,0.614179,5.5582566,4.925019,0.36854288,0.601971,3.2021756,0.4101641,81.61715,0.00614179,0.15891066,0.00614179,0.020827623,0.00614179,2.2536874,0.00614179,0.00614179,0.010502377,0.19914506,0.000614179,0.000614179,0.000614179,0.000614179,0.000614179,0.000614179,0.00841086,0.000614179,0.000614179,0.000614179,0.000614179,0.000614179,0.000614179,0.000614179,0.0049952692,0.000614179,0.000614179,0.000614179,0.000614179,0.000614179,0.000614179,0.000614179,0.000614179,0.000614179,0.000614179,1e-05,0.000614179,Halides,0.9606,Halides
106,0.7834921,6.7721987,17.889286,2.0863218,0.6648351,2.9232225,1.0560693,0.7598416,0.007834921,0.17520861,0.018242642,0.06336431,0.09313196,66.61575,0.007834921,0.007834921,0.0142359035,0.026127238,0.00078349205,0.00078349205,0.00078349205,0.00078349205,0.00078349205,0.007943446,0.002336219,0.00078349205,0.0016401449,0.00078349205,0.00078349205,0.00078349205,0.0018181949,0.00078349205,0.00078349205,0.00078349205,0.0041899644,0.00078349205,0.00078349205,0.00078349205,0.00078349205,0.00078349205,0.00078349205,0.00078349205,0.00078349205,2.3176632e-05,0.00078349205,Oxides,0.9616,Oxides
107,0.6563209,3.1723986,87.68202,1.8247108,0.8215752,2.4911005,0.32558,0.67898697,0.006563209,0.8882625,0.006563209,0.023806537,0.006563209,1.2884691,0.022864819,0.008824217,0.00901522,0.0033201354,0.0006563209,0.0006563209,0.0006563209,0.0006563209,0.0006563209,0.0006563209,0.0016090134,0.0006563209,0.0061834618,0.0006563209,0.0006563209,0.0006563209,0.0022165615,0.0006563209,0.0006563209,0.0006563209,0.0042468063,0.0034389372,0.0006563209,0.0006563209,0.003031233,0.0478951,0.0006563209,0.0019642788,0.0006563209,3.3863973e-05,0.0006563209,Oxides,0.9616,Oxides
108,0.64831847,3.320805,88.47737,1.1269068,0.94409955,2.041333,0.94575983,1.269682,0.006483185,0.20323497,0.006483185,0.006483185,0.006483185,0.9234593,0.017536107,0.006483185,0.008433806,0.0019332847,0.0006483185,0.0006483185,0.0006483185,0.0006483185,0.0006483185,0.0006483185,0.0016483221,0.0006483185,0.0020686754,0.0006483185,0.0006483185,0.0006483185,0.0013760697,0.0006483185,0.0006483185,0.0006483185,0.0006483185,0.0006483185,0.0006483185,0.016377388,0.0006483185,0.0029743523,0.0006483185,0.0006483185,0.0006483185,2.1166226e-05,0.0006483185,Oxides,0.9616,Oxides
109,0.6883872,12.149331,10.659689,19.035631,0.6449141,2.2873755,0.006883872,4.2401423,0.006883872,0.27430317,0.080029994,0.36167118,0.15055351,49.208614,0.006883872,0.021117872,0.0006883872,0.012730625,0.0006883872,0.0006883872,0.055287763,0.0072924374,0.0006883872,0.004345547,0.05462155,0.0006883872,0.003877571,0.0006883872,0.0022290817,0.0006883872,0.0006883872,0.0006883872,0.004057687,0.0006883872,0.013571847,0.0064935884,0.0006883872,0.0006883872,0.0006883872,0.0006883872,0.0006883872,0.0006883872,0.0006883872,1e-05,0.0006883872,Oxides,0.9612,Oxides
110,0.638462,5.1739655,83.9175,2.407529,0.6320271,3.2289162,0.20141484,2.8817291,0.0063846204,0.10480435,0.0063846204,0.031006271,0.0063846204,0.6792213,0.0063846204,0.0063846204,0.004337949,0.046402924,0.000638462,0.000638462,0.000638462,0.000638462,0.000638462,0.000638462,0.0016702701,0.000638462,0.000638462,0.000638462,0.000638462,0.000638462,0.0031235914,0.000638462,0.000638462,0.000638462,0.000638462,0.000638462,0.000638462,0.000638462,0.000638462,0.000638462,0.000638462,0.000638462,0.000638462,4.8845886e-05,0.000638462,Oxides,0.9616,Oxides
111,0.6423862,5.8214793,77.20985,2.804341,0.62198496,2.5368755,1.0984962,5.6103234,0.0064238617,0.44511476,0.0064238617,0.025018387,0.09988718,2.9859078,0.0064238617,0.0068331608,0.020875996,0.024268828,0.0006423862,0.0006423862,0.0006423862,0.0006423862,0.0006423862,0.0019549883,0.003683328,0.0006423862,0.0028919757,0.0006423862,0.0006423862,0.0006423862,0.0018574665,0.0006423862,0.0006423862,0.0006423862,0.0025716908,0.0006423862,0.0006423862,0.0006423862,0.0006423862,0.0006423862,0.0006423862,0.0006423862,0.0006423862,2.8993325e-05,0.0006423862,Oxides,0.9616,Oxides
112,0.58508635,20.315666,20.1413,28.333235,2.3054051,2.3359532,0.43677542,2.7266052,0.005850863,0.40124887,0.105824485,0.6605453,0.005850863,21.386278,0.005850863,0.005850863,0.034151223,0.0121926125,0.0005850863,0.0005850863,0.11604727,0.014550778,0.0005850863,0.0021930905,0.0078008696,0.0005850863,0.008779752,0.0005850863,0.003843218,0.0005850863,0.0005850863,0.0005850863,0.0077101984,0.0005850863,0.0120130405,0.012861439,0.0005850863,0.0005850863,0.0005850863,0.0005850863,0.0005850863,0.0005850863,0.0005850863,1e-05,0.0005850863,Oxides,0.9616,Oxides
113,0.7766232,5.945836,12.887365,5.048378,0.51928085,3.0221078,0.66806436,3.045365,0.0077662314,0.18475282,0.024893042,0.098584965,0.14094414,67.52033,0.0077662314,0.01718928,0.00077662314,0.01690779,0.00077662314,0.00077662314,0.00077662314,0.00077662314,0.00077662314,0.0068394863,0.034941792,0.00077662314,0.00077662314,0.00077662314,0.00077662314,0.00077662314,0.0016921168,0.00077662314,0.00077662314,0.00077662314,0.0057280906,0.00077662314,0.00077662314,0.00077662314,0.00077662314,0.00077662314,0.00077662314,0.00077662314,0.00077662314,2.165854e-05,0.00077662314,Oxides,0.9616,Oxides
114,0.6580696,3.6929762,88.47878,1.7303753,0.31505322,2.7549725,0.095567286,0.77629167,0.006580696,0.740394,0.006580696,0.006580696,0.006580696,0.5856299,0.006580696,0.026489863,0.0054198448,0.011146437,0.0006580696,0.0006580696,0.0006580696,0.0006580696,0.0006580696,0.0006580696,0.0030717973,0.0006580696,0.005189668,0.0006580696,0.0006580696,0.0006580696,0.001815256,0.0006580696,0.0006580696,0.0006580696,0.0006580696,0.0006580696,0.0006580696,0.0025940654,0.0006580696,0.06522421,0.0006580696,0.0031787148,0.0016938112,2.7553973e-05,0.0006580696,Oxides,0.9616,Oxides
115,0.5856032,21.024641,21.851343,18.296135,5.9312215,4.2987194,1.6717981,8.230899,0.0058560316,0.46908474,0.068531975,0.53803724,0.0058560316,16.688404,0.0058560316,0.0058560316,0.13035133,0.04545997,0.0005856032,0.0005856032,0.07297172,0.009341042,0.0005856032,0.0068021016,0.012556731,0.0005856032,0.010421108,0.0005856032,0.0026282067,0.0005856032,0.0005856032,0.0005856032,0.0050525125,0.0005856032,0.0077500716,0.008281954,0.0005856032,0.0005856032,0.0005856032,0.0005856032,0.0005856032,0.0005856032,0.0005856032,1e-05,0.0005856032,Oxides,0.9616,Oxides
116,0.6544064,3.668396,88.68552,1.4606793,0.4610298,2.4984024,0.3798268,1.0046597,0.0065440643,0.50990695,0.0065440643,0.0065440643,0.0065440643,0.53438514,0.0065440643,0.01961872,0.005832567,0.008101861,0.00065440644,0.00065440644,0.00065440644,0.00065440644,0.00065440644,0.00065440644,0.002549947,0.00065440644,0.003992828,0.00065440644,0.00065440644,0.00065440644,0.0014143486,0.00065440644,0.00065440644,0.00065440644,0.00065440644,0.00065440644,0.00065440644,0.008775561,0.00065440644,0.043055985,0.00065440644,0.0023097529,0.0013345939,2.1527965e-05,0.00065440644,Oxides,0.9616,Oxides
117,0.63769037,5.1480603,83.66468,2.5211344,0.62363875,3.4324045,0.3191079,2.699683,0.0063769035,0.11756215,0.0063769035,0.032788977,0.0063769035,0.7047416,0.0063769035,0.0063769035,0.0050724493,0.040983524,0.00063769036,0.00063769036,0.00063769036,0.00063769036,0.00063769036,0.00063769036,0.0017970102,0.00063769036,0.00063769036,0.00063769036,0.00063769036,0.00063769036,0.002828574,0.00063769036,0.00063769036,0.00063769036,0.00063769036,0.00063769036,0.00063769036,0.00063769036,0.00063769036,0.00063769036,0.00063769036,0.00063769036,0.00063769036,4.4246433e-05,0.00063769036,Oxides,0.9616,Oxides
118,0.7646438,6.3857756,5.3987904,9.200038,0.38131788,2.7814753,0.09429648,6.229726,0.0076464377,0.19800222,0.048539646,0.11362868,0.23973516,67.97654,0.0076464377,0.030145586,0.0007646438,0.020870065,0.0007646438,0.0007646438,0.0007646438,0.0007646438,0.0007646438,0.007023286,0.08233987,0.0007646438,0.0007646438,0.0007646438,0.0007646438,0.0007646438,0.00088478276,0.0007646438,0.0007646438,0.0007646438,0.012587125,0.0007646438,0.0007646438,0.0007646438,0.0007646438,0.0007646438,0.0007646438,0.0007646438,0.0007646438,1.1529934e-05,0.0007646438,Oxides,0.9616,Oxides
119,0.64859235,3.231314,88.29765,1.1811447,1.0047824,2.051384,0.9523502,1.2185143,0.0064859237,0.24320893,0.0064859237,0.0064859237,0.0064859237,1.0684907,0.020829748,0.0064859237,0.0089732185,0.0018308036,0.00064859237,0.00064859237,0.00064859237,0.00064859237,0.00064859237,0.00064859237,0.0016771116,0.00064859237,0.0021774827,0.00064859237,0.00064859237,0.00064859237,0.0015930246,0.00064859237,0.00064859237,0.00064859237,0.00064859237,0.00064859237,0.00064859237,0.015119854,0.00064859237,0.0036671804,0.00064859237,0.00064859237,0.00064859237,2.4490864e-05,0.00064859237,Oxides,0.9616,Oxides
120,0.5930187,19.622557,19.438105,30.597792,1.0290087,1.6782655,0.047218915,0.80498785,0.005930187,0.3691416,0.11562971,0.67429125,0.011710479,24.788305,0.005930187,0.005930187,0.0024324635,0.0027975282,0.0005930187,0.0005930187,0.12564431,0.015718557,0.0005930187,0.0010092411,0.006130186,0.0005930187,0.008014479,0.0005930187,0.004121737,0.0005930187,0.0005930187,0.0005930187,0.008309869,0.0005930187,0.013435853,0.013888919,0.0005930187,0.0005930187,0.0005930187,0.0005930187,0.0005930187,0.0005930187,0.0005930187,1e-05,0.0005930187,Oxides,0.9616,Oxides
121,0.665074,23.764462,37.595764,2.0738175,1.0438418,6.8287616,0.00665074,1.6317017,0.00665074,0.21668187,0.00665074,0.86916864,0.17930679,24.575533,0.06379537,0.34490943,0.000665074,0.03505217,0.000665074,0.000665074,0.000665074,0.000665074,0.000665074,0.000665074,0.004827611,0.000665074,0.000665074,0.000665074,0.000665074,0.000665074,0.000665074,0.03051253,0.000665074,0.000665074,0.000665074,0.000665074,0.000665074,0.04021445,0.000665074,0.000665074,0.000665074,0.000665074,0.000665074,1e-05,0.000665074,Silicates,0.9696,Silicates
122,0.6413947,11.481965,69.76081,0.5078208,0.110912606,2.028803,9.528939,0.62556875,0.0064139464,2.2706978,0.0064139464,0.0064139464,0.0064139464,2.924868,0.0064139464,0.0064139464,0.0025007084,0.0034127496,0.00064139464,0.00064139464,0.00064139464,0.00064139464,0.00064139464,0.012234855,0.0026401824,0.00064139464,0.01839161,0.00064139464,0.0025553922,0.00064139464,0.01106014,0.00064139464,0.00064139464,0.00064139464,0.00064139464,0.00064139464,0.00064139464,0.013469474,0.00064139464,0.00064139464,0.00064139464,0.00064139464,0.00064139464,0.00017091243,0.00064139464,Silicates,0.9694,Silicates
123,0.6268714,19.403122,27.393063,5.531808,8.902252,3.9994273,7.518103,3.0069792,0.006268714,0.4578275,0.25388935,0.21368392,0.040821232,22.439653,0.006268714,0.023237918,0.08926248,0.0006268714,0.0006268714,0.0006268714,0.0006268714,0.0006268714,0.0006268714,0.003499244,0.036355086,0.0006268714,0.003392725,0.0006268714,0.0006268714,0.0006268714,0.0006268714,0.0006268714,0.0006268714,0.0006268714,0.0006268714,0.0006268714,0.0006268714,0.02916981,0.0006268714,0.0006268714,0.0006268714,0.0006268714,0.0006268714,1e-05,0.0006268714,Sulfates,0.9606,Sulfates
124,0.66436,15.940449,36.60677,4.239772,7.808338,4.510432,5.9289494,3.7583997,0.0066436,0.3620113,0.14673965,0.18054402,0.029844891,16.026781,0.01321492,0.018038064,0.05895893,0.67047364,0.00066435995,0.00066435995,0.00066435995,0.01047118,0.00066435995,0.014187129,0.049829643,0.00066435995,0.015361993,0.00066435995,0.00066435995,0.00066435995,2.2680378,0.00066435995,0.00066435995,0.00066435995,0.6070509,0.00066435995,0.00066435995,0.018583527,0.00066435995,0.00066435995,0.016785972,0.006012569,0.011666811,0.031589985,0.00066435995,Sulfates,0.9606,Sulfates
125,0.64041865,16.89969,24.824007,5.216427,9.573456,3.7617834,7.6779666,2.550184,0.0064041866,0.42236975,0.19425689,0.20709506,0.037514456,27.774916,0.0064041866,0.021682855,0.07880674,0.0006404187,0.0006404187,0.0006404187,0.0006404187,0.0011625935,0.0006404187,0.0044693425,0.04354936,0.0006404187,0.0031307277,0.0006404187,0.0029616938,0.0006404187,0.0060493834,0.0006404187,0.001831997,0.0006404187,0.0021183363,0.0006404187,0.0006404187,0.02917724,0.0006404187,0.0006404187,0.0006404187,0.0006404187,0.0006404187,8.96925e-05,0.0006404187,Sulfates,0.9606,Sulfates
126,0.49605846,26.416077,1.9138541,3.6970618,30.54659,2.8315375,24.525635,5.1347966,0.004960585,0.36694738,0.77107877,0.012464478,0.00621063,3.005162,0.004960585,0.005574499,0.039060954,0.0004960585,0.0004960585,0.0004960585,0.0004960585,0.0004960585,0.0004960585,0.0146933105,0.15718146,0.0004960585,0.0005961219,0.0004960585,0.0004960585,0.0004960585,0.0004960585,0.0004960585,0.0004960585,0.0004960585,0.0004960585,0.0004960585,0.0004960585,0.037593734,0.0004960585,0.0004960585,0.0004960585,0.0004960585,0.0004960585,1e-05,0.0004960585,Sulfates,0.9606,Sulfates
127,0.48902014,26.9871,0.9792758,3.3654156,32.3076,2.900688,24.695154,4.7194877,0.0048902016,0.31356302,0.86482286,0.0048902016,0.0048902016,2.106833,0.0048902016,0.0048902016,0.032957982,0.00048902014,0.00048902014,0.00048902014,0.0028644744,0.00048902014,0.00048902014,0.0148386145,0.14606056,0.00048902014,0.00048902014,0.00048902014,0.0009822879,0.00048902014,0.00048902014,0.0019097474,0.00048902014,0.00048902014,0.00048902014,0.00048902014,0.00048902014,0.03621567,0.00048902014,0.00048902014,0.00048902014,0.00048902014,0.00048902014,1e-05,0.00048902014,Sulfates,0.9606,Sulfates
128,0.65088075,15.598876,36.75698,1.773545,16.322716,4.8286133,9.475445,4.281655,0.0065088077,0.13457352,0.3721598,0.07568119,0.0065088077,2.362101,0.019636545,0.0065088077,0.0024283377,1.3387504,0.00065088074,0.00065088074,0.0053772843,0.020242281,0.00065088074,0.028295709,0.07520985,0.00065088074,0.026302598,0.00065088074,0.0016323279,0.00065088074,4.530256,0.003477679,0.00065088074,0.00065088074,1.2120488,0.00065088074,0.00065088074,0.0076542078,0.00065088074,0.00065088074,0.03285754,0.01133517,0.02263083,0.06309834,0.00065088074,Sulfates,0.9606,Sulfates
129,0.62457895,10.765767,1.2756826,3.0083938,23.639524,2.2113225,17.286457,1.8787972,0.006245789,0.2350566,0.23302555,0.07495692,0.006245789,38.477325,0.006245789,0.006245789,0.011214854,0.0006245789,0.0006245789,0.0006245789,0.0006245789,0.003198572,0.0006245789,0.014191917,0.13561715,0.0006245789,0.0006245789,0.0006245789,0.012067003,0.0006245789,0.027287368,0.0006245789,0.006498309,0.0006245789,0.007909781,0.0006245789,0.0006245789,0.03365444,0.0006245789,0.0006245789,0.0006245789,0.0006245789,0.0006245789,0.0004028338,0.0006245789,Sulfates,0.9606,Sulfates
130,0.6505777,17.337965,33.055626,4.8705535,7.772689,4.3074584,6.231683,3.3654995,0.0065057776,0.4076799,0.18261267,0.20050913,0.035670824,19.411234,0.0100981,0.02082912,0.073929414,0.36681306,0.0006505778,0.0006505778,0.0006505778,0.0060116407,0.0006505778,0.009067045,0.04075384,0.0006505778,0.010004607,0.0006505778,0.0006505778,0.0006505778,1.2401484,0.0006505778,0.0006505778,0.0006505778,0.33214197,0.0006505778,0.0006505778,0.023175761,0.0006505778,0.0006505778,0.0094637275,0.003574266,0.006665252,0.017273728,0.0006505778,Sulfates,0.9606,Sulfates
131,0.64219993,8.733987,1.3524675,2.5740402,23.687223,2.2693944,15.477532,0.7292986,0.0064219995,0.1508342,0.24400736,0.085623994,0.0064219995,43.786346,0.0064219995,0.0064219995,0.0017971202,0.00064219994,0.00064219994,0.00064219994,0.0037132276,0.0036091919,0.00064219994,0.013695844,0.111391544,0.00064219994,0.00064219994,0.00064219994,0.014469366,0.00064219994,0.03137588,0.0024789402,0.007412735,0.00064219994,0.009039711,0.00064219994,0.00064219994,0.030814331,0.00064219994,0.00064219994,0.00064219994,0.00064219994,0.00064219994,0.0004628119,0.00064219994,Sulfates,0.9606,Sulfates
132,0.6603154,16.35057,35.564636,4.4248843,7.7978764,4.450866,6.017791,3.6430974,0.006603154,0.37541342,0.15726711,0.18640307,0.031554595,17.019999,0.012300244,0.01885714,0.063352235,0.58136004,0.0006603154,0.0006603154,0.0006603154,0.009162463,0.0006603154,0.012684565,0.047166217,0.0006603154,0.013789789,0.0006603154,0.0006603154,0.0006603154,1.9663887,0.0006603154,0.0006603154,0.0006603154,0.5263749,0.0006603154,0.0006603154,0.019931186,0.0006603154,0.0006603154,0.014637152,0.0052970136,0.010199031,0.027388668,0.0006603154,Sulfates,0.9606,Sulfates
133,0.67383415,4.900714,1.3978096,2.7323596,20.932913,2.0165386,14.275491,0.5523707,0.006738342,0.1786162,0.038577083,0.10100371,0.006738342,51.911762,0.006738342,0.006738342,0.0008286047,0.0006738342,0.0006738342,0.0006738342,0.0010853816,0.004205116,0.0006738342,0.013801554,0.12319802,0.0006738342,0.0006738342,0.0006738342,0.016457247,0.0006738342,0.037252728,0.00091997517,0.008732052,0.0006738342,0.010668461,0.0006738342,0.0006738342,0.031778254,0.0006738342,0.0006738342,0.0006738342,0.0006738342,0.0006738342,0.0005489318,0.0006738342,Sulfates,0.9606,Sulfates
134,0.6193737,11.386568,1.2632686,3.0325727,23.940668,2.2338076,17.593767,2.0089324,0.006193737,0.24006869,0.25477278,0.07222439,0.006193737,37.065067,0.006193737,0.006193737,0.012227643,0.0006193737,0.0006193737,0.0006193737,0.0006193737,0.0030929532,0.0006193737,0.014227869,0.13663532,0.0006193737,0.0006193737,0.0006193737,0.011615419,0.0006193737,0.026242023,0.0006193737,0.0062639643,0.0006193737,0.0076203737,0.0006193737,0.0006193737,0.03382045,0.0006193737,0.0006193737,0.0006193737,0.0006193737,0.0006193737,0.000387509,0.0006193737,Sulfates,0.9606,Sulfates
135,0.6666924,5.7661223,1.3875731,2.6966171,21.554733,2.073624,14.546866,0.59231436,0.0066669234,0.17234406,0.0849555,0.09753155,0.0066669234,50.07735,0.0066669234,0.0066669234,0.001047259,0.0006666924,0.0006666924,0.0006666924,0.0016786502,0.004070579,0.0006666924,0.013777689,0.120532565,0.0006666924,0.0006666924,0.0006666924,0.016008457,0.0006666924,0.03592596,0.0012719308,0.0084342,0.0006666924,0.010300751,0.0006666924,0.0006666924,0.031560637,0.0006666924,0.0006666924,0.0006666924,0.0006666924,0.0006666924,0.00052948925,0.0006666924,Sulfates,0.9606,Sulfates
136,0.4876691,27.993,3.5171485,1.7437619,36.69626,3.6817997,20.966986,1.8363553,0.0048766914,0.013510961,1.2599598,0.0095403725,0.0048766914,1.1510888,0.0057617784,0.0048766914,0.0065887226,0.090703875,0.00048766914,0.00048766914,0.01671087,0.0018085438,0.00048766914,0.0141618475,0.05105997,0.00048766914,0.0022171373,0.00048766914,0.003856449,0.00048766914,0.30587882,0.0101905465,0.00048766914,0.00048766914,0.0821615,0.00048766914,0.00048766914,0.024526322,0.00048766914,0.00048766914,0.0026590792,0.0012080162,0.0019695826,0.0042634886,0.00048766914,Sulfates,0.9606,Sulfates
137,0.6550614,12.086853,15.872988,4.276358,13.752235,3.07978,10.128503,1.7761375,0.006550614,0.33084816,0.12260435,0.16745564,0.025770262,37.480816,0.006550614,0.01598964,0.048945524,0.0006550614,0.0006550614,0.0006550614,0.0006550614,0.002360719,0.0006550614,0.008042449,0.07469009,0.0006550614,0.0021935522,0.0006550614,0.008237389,0.0006550614,0.01832317,0.0006550614,0.004547291,0.0006550614,0.005482604,0.0006550614,0.0006550614,0.030228382,0.0006550614,0.0006550614,0.0006550614,0.0006550614,0.0006550614,0.0002703115,0.0006550614,Sulfates,0.9606,Sulfates
138,0.64737034,17.663197,32.229202,5.0173497,7.7643924,4.260222,6.302135,3.2740633,0.0064737033,0.4183079,0.19096108,0.20515543,0.03702664,20.198868,0.00937275,0.021478659,0.077413365,0.29614484,0.00064737035,0.00064737035,0.00064737035,0.0049738116,0.00064737035,0.007875492,0.03864171,0.00064737035,0.00875783,0.00064737035,0.00064737035,0.00064737035,1.0009367,0.00064737035,0.00064737035,0.00064737035,0.26816484,0.00064737035,0.00064737035,0.02424447,0.00064737035,0.00064737035,0.007759686,0.0030068213,0.005501284,0.013942032,0.00064737035,Sulfates,0.9606,Sulfates
139,0.51684844,25.777151,9.459839,1.7490865,33.05383,3.8868296,18.912502,2.2735314,0.0051684845,0.035154793,1.1012369,0.021365173,0.0051684845,1.3675963,0.00824234,0.0051684845,0.0058449195,0.3138324,0.00051684846,0.00051684846,0.014684626,0.005104168,0.00051684846,0.01668873,0.05537754,0.00051684846,0.0065231896,0.00051684846,0.0034588156,0.00051684846,1.0611223,0.008990405,0.00051684846,0.00051684846,0.28416523,0.00051684846,0.00051684846,0.021509888,0.00051684846,0.00051684846,0.008058027,0.003018571,0.005663446,0.014782114,0.00051684846,Sulfates,0.9606,Sulfates
140,0.5450953,20.245342,1.086122,3.377603,28.237976,2.5546658,21.979067,3.8659484,0.0054509533,0.31159085,0.565104,0.033231404,0.0054509533,16.912281,0.0054509533,0.0054509533,0.026680052,0.0005450953,0.0005450953,0.0005450953,0.0005450953,0.0015857809,0.0005450953,0.014740892,0.15116452,0.0005450953,0.0005450953,0.0005450953,0.0051713567,0.0005450953,0.01132507,0.0005450953,0.0029198905,0.0005450953,0.0034905595,0.0005450953,0.0005450953,0.036189407,0.0005450953,0.0005450953,0.0005450953,0.0005450953,0.0005450953,0.00016882578,0.0005450953,Sulfates,0.9606,Sulfates
141,0.678347,4.4332414,1.6386365,2.7814147,20.397537,1.9952246,14.025468,0.54521054,0.00678347,0.18530601,0.008658936,0.1044191,0.0070940657,52.91562,0.00678347,0.0069360076,0.0014587367,0.000678347,0.000678347,0.000678347,0.000678347,0.0042660376,0.000678347,0.013724579,0.12421161,0.000678347,0.00070320955,0.000678347,0.016627058,0.000678347,0.03784155,0.000678347,0.008865286,0.000678347,0.010832628,0.000678347,0.000678347,0.031899963,0.000678347,0.000678347,0.000678347,0.000678347,0.000678347,0.00055754074,0.000678347,Sulfates,0.9606,Sulfates
142,0.70405245,11.915632,46.833984,2.423134,7.9110074,5.0949903,5.0570846,4.8899446,0.0070405244,0.23048683,0.043426067,0.12304492,0.013066331,6.2796245,0.022191295,0.009999879,0.015844235,1.5450097,0.00070405245,0.00070405245,0.00070405245,0.023314562,0.00070405245,0.028932868,0.07596777,0.00070405245,0.03079115,0.00070405245,0.00070405245,0.00070405245,5.2283382,0.00070405245,0.00070405245,0.00070405245,1.398783,0.00070405245,0.00070405245,0.005357993,0.00070405245,0.00070405245,0.037873883,0.013034831,0.026071196,0.0728205,0.00070405245,Sulfates,0.9606,Sulfates
143,0.5087607,24.578775,0.9994676,3.546381,30.340084,2.7116194,24.124216,4.774342,0.005087607,0.3465772,0.71690816,0.01415727,0.005087607,7.0541763,0.005087607,0.005087607,0.033749714,0.0005087607,0.0005087607,0.0005087607,0.0005087607,0.00084852,0.0005087607,0.014991847,0.15827174,0.0005087607,0.0005087607,0.0005087607,0.0020191262,0.0005087607,0.0040281685,0.0005087607,0.0012840753,0.0005087607,0.0014703855,0.0005087607,0.0005087607,0.037348226,0.0005087607,0.0005087607,0.0005087607,0.0005087607,0.0005087607,6.185288e-05,0.0005087607,Sulfates,0.9606,Sulfates
144,0.5933239,21.559063,21.66397,4.631443,15.553692,3.9434822,10.503931,2.5750062,0.0059332387,0.34503108,0.5081651,0.16808185,0.032944966,17.727476,0.0059332387,0.019199058,0.07011035,0.00059332384,0.00059332384,0.00059332384,0.004976883,0.00059332384,0.00059332384,0.0055267075,0.03482283,0.00059332384,0.0027555537,0.00059332384,0.0015035786,0.00059332384,0.00059332384,0.0032150715,0.00059332384,0.00059332384,0.00059332384,0.00059332384,0.00059332384,0.027950743,0.00059332384,0.00059332384,0.00059332384,0.00059332384,0.00059332384,1e-05,0.00059332384,Sulfates,0.9606,Sulfates
145,0.58378154,20.694323,23.091494,1.7613007,24.698643,4.3571377,14.199822,3.2763488,0.0058378153,0.084802546,0.7371502,0.04848952,0.0058378153,1.8642324,0.013932381,0.0058378153,0.004138746,0.82565624,0.00058378157,0.00058378157,0.010036723,0.012663843,0.00058378157,0.022485027,0.0652814,0.00058378157,0.016400637,0.00058378157,0.0025467037,0.00058378157,2.793539,0.0062374584,0.00058378157,0.00058378157,0.74753195,0.00058378157,0.00058378157,0.014590635,0.00058378157,0.00058378157,0.020442415,0.0071717165,0.014136624,0.03891029,0.00058378157,Sulfates,0.9606,Sulfates
146,0.7038681,11.5097885,47.34513,1.9003959,9.403372,5.143793,6.0209823,5.2824373,0.0070386813,0.1954898,0.05590575,0.09677844,0.0070386813,2.8236098,0.024069756,0.0070386813,0.002985887,1.7366674,0.0007038681,0.0007038681,0.0007038681,0.026120478,0.0007038681,0.032924782,0.0899016,0.0007038681,0.033982743,0.0007038681,0.0007038681,0.0007038681,5.877119,0.0007038681,0.0007038681,0.0007038681,1.5722928,0.0007038681,0.0007038681,0.0030315053,0.0007038681,0.0007038681,0.0424867,0.014564971,0.029219229,0.08185673,0.0007038681,Sulfates,0.9606,Sulfates
147,0.6482087,7.9475775,1.3320371,2.8986313,22.272448,2.1092498,15.891389,1.2880359,0.0064820866,0.21230368,0.13430175,0.08736154,0.0064820866,44.88841,0.0064820866,0.0064820866,0.0066171954,0.00064820866,0.00064820866,0.00064820866,0.00064820866,0.0036780396,0.00064820866,0.014028712,0.13099506,0.00064820866,0.00064820866,0.00064820866,0.014117014,0.00064820866,0.03203281,0.00064820866,0.007562139,0.00064820866,0.009223574,0.00064820866,0.00064820866,0.032900818,0.00064820866,0.00064820866,0.00064820866,0.00064820866,0.00064820866,0.0004724022,0.00064820866,Sulfates,0.9606,Sulfates
148,0.6358412,18.404238,27.622198,5.510303,8.267122,3.9749856,6.9119005,2.7921598,0.0063584116,0.45098045,0.2166563,0.21948679,0.041185826,24.74074,0.0063584116,0.02346262,0.0881417,0.00063584116,0.00063584116,0.00063584116,0.00063584116,0.00078804576,0.00063584116,0.0033523487,0.03381441,0.00063584116,0.0034236996,0.00063584116,0.0013124512,0.00063584116,0.0022124574,0.00063584116,0.0009831649,0.00063584116,0.0010666276,0.00063584116,0.00063584116,0.02884864,0.00063584116,0.00063584116,0.00063584116,0.00063584116,0.00063584116,3.322893e-05,0.00063584116,Sulfates,0.9606,Sulfates
149,0.67400086,14.962859,39.090862,3.7985282,7.8332753,4.6524153,5.7171817,4.0332413,0.006740009,0.33006528,0.12164577,0.16657804,0.025769541,13.65929,0.015395195,0.016085666,0.048486784,0.88289005,0.0006740009,0.0006740009,0.0006740009,0.013590714,0.0006740009,0.017768728,0.056178343,0.0006740009,0.019109586,0.0006740009,0.0006740009,0.0006740009,2.9870663,0.0006740009,0.0006740009,0.0006740009,0.799355,0.0006740009,0.0006740009,0.015371173,0.0006740009,0.0006740009,0.021908022,0.007718209,0.015165498,0.041604478,0.0006740009,Sulfates,0.9606,Sulfates
150,0.5641178,17.976639,1.1314887,3.2892418,27.13745,2.4724948,20.856005,3.3903725,0.0056411778,0.29327422,0.48562914,0.043217387,0.0056411778,22.073347,0.0056411778,0.0056411778,0.022978835,0.0005641178,0.0005641178,0.0005641178,0.0005641178,0.001971763,0.0005641178,0.014609508,0.14744364,0.0005641178,0.0005641178,0.0005641178,0.0068216613,0.0005641178,0.015145255,0.0005641178,0.0037762974,0.0005641178,0.004548192,0.0005641178,0.0005641178,0.035582725,0.0005641178,0.0005641178,0.0005641178,0.0005641178,0.0005641178,0.00022482988,0.0005641178,Sulfates,0.9606,Sulfates
